Date,Latitude,Longitude,Altitude,Distance,Speed,Heart rate,Power,Cadence
2024-01-01 20:10:01,,,,0,2.4,78,50,0
2024-01-01 20:10:02,,,,1,4.8,77,50,85
2024-01-01 20:10:03,,,,2,5.9,78,50,85
2024-01-01 20:10:04,,,,4,6.8,77,50,94
2024-01-01 20:10:05,,,,6,7.5,76,50,94
2024-01-01 20:10:06,,,,9,8.1,78,50,95
2024-01-01 20:10:07,,,,11,8.7,78,50,93
2024-01-01 20:10:08,,,,14,9.2,78,50,93
2024-01-01 20:10:09,,,,16,9.7,79,50,87
2024-01-01 20:10:10,,,,19,10.2,81,50,84
2024-01-01 20:10:11,,,,22,10.6,82,50,84
2024-01-01 20:10:12,,,,25,11.0,82,50,83
2024-01-01 20:10:13,,,,28,11.3,84,50,81
2024-01-01 20:10:14,,,,32,11.7,84,50,81
2024-01-01 20:10:15,,,,35,12.0,84,50,80
2024-01-01 20:10:16,,,,38,12.3,84,50,83
2024-01-01 20:10:17,,,,42,12.6,85,50,85
2024-01-01 20:10:18,,,,45,12.9,85,50,85
2024-01-01 20:10:19,,,,49,13.1,85,50,82
2024-01-01 20:10:20,,,,53,13.4,85,50,82
2024-01-01 20:10:21,,,,57,13.6,85,50,82
2024-01-01 20:10:22,,,,60,13.8,86,50,82
2024-01-01 20:10:23,,,,64,14.0,86,50,82
2024-01-01 20:10:24,,,,68,14.2,86,50,82
2024-01-01 20:10:24,,,,72,14.4,86,50,81
2024-01-01 20:10:25,,,,76,14.6,87,50,82
2024-01-01 20:10:27,,,,80,14.8,87,50,82
2024-01-01 20:10:27,,,,85,15.0,87,50,81
2024-01-01 20:10:29,,,,89,15.1,87,50,81
2024-01-01 20:10:29,,,,93,15.3,87,50,81
2024-01-01 20:10:31,,,,97,15.4,88,50,80
2024-01-01 20:10:32,,,,102,15.6,88,50,80
2024-01-01 20:10:33,,,,106,15.7,88,50,80
2024-01-01 20:10:34,,,,110,15.9,88,50,83
2024-01-01 20:10:34,,,,115,16.0,88,50,86
2024-01-01 20:10:36,,,,119,16.1,88,50,84
2024-01-01 20:10:37,,,,124,16.2,88,50,80
2024-01-01 20:10:38,,,,128,16.3,88,50,80
2024-01-01 20:10:39,,,,133,16.4,88,50,80
2024-01-01 20:10:40,,,,138,16.5,88,50,80
2024-01-01 20:10:41,,,,142,16.6,88,50,80
2024-01-01 20:10:42,,,,147,16.7,88,50,80
2024-01-01 20:10:42,,,,151,16.8,88,50,80
2024-01-01 20:10:43,,,,156,16.9,88,50,80
2024-01-01 20:10:45,,,,161,17.0,89,50,79
2024-01-01 20:10:46,,,,166,17.1,89,50,80
2024-01-01 20:10:46,,,,170,17.2,89,50,80
2024-01-01 20:10:48,,,,175,17.2,89,50,80
2024-01-01 20:10:48,,,,180,17.3,89,50,80
2024-01-01 20:10:49,,,,185,17.4,87,50,80
2024-01-01 20:10:50,,,,190,17.4,88,50,79
2024-01-01 20:10:51,,,,195,17.5,88,50,78
2024-01-01 20:10:53,,,,199,17.6,88,50,78
2024-01-01 20:10:54,,,,204,17.6,88,50,82
2024-01-01 20:10:54,,,,209,17.7,88,50,80
2024-01-01 20:10:55,,,,214,17.7,87,50,80
2024-01-01 20:10:56,,,,219,17.8,89,50,82
2024-01-01 20:10:57,,,,224,17.8,88,50,81
2024-01-01 20:10:58,,,,229,17.9,88,50,81
2024-01-01 20:11:00,,,,234,17.9,88,50,81
2024-01-01 20:11:00,,,,239,18.0,89,50,81
2024-01-01 20:11:01,,,,244,18.0,89,50,81
2024-01-01 20:11:02,,,,249,18.1,89,50,83
2024-01-01 20:11:03,,,,254,18.1,90,50,83
2024-01-01 20:11:04,,,,259,18.2,90,50,83
2024-01-01 20:11:05,,,,264,18.2,90,50,82
2024-01-01 20:11:06,,,,269,18.2,90,50,82
2024-01-01 20:11:07,,,,274,18.3,90,50,82
2024-01-01 20:11:08,,,,279,18.3,91,50,82
2024-01-01 20:11:09,,,,284,18.3,91,50,82
2024-01-01 20:11:10,,,,290,18.4,91,50,82
2024-01-01 20:11:11,,,,295,18.4,91,50,83
2024-01-01 20:11:12,,,,300,18.4,92,50,81
2024-01-01 20:11:13,,,,305,18.5,92,50,81
2024-01-01 20:11:14,,,,310,18.5,92,50,81
2024-01-01 20:11:15,,,,315,18.5,93,50,81
2024-01-01 20:11:16,,,,320,18.5,93,50,81
2024-01-01 20:11:17,,,,326,18.6,93,50,82
2024-01-01 20:11:18,,,,331,18.6,93,50,83
2024-01-01 20:11:19,,,,336,18.6,93,50,83
2024-01-01 20:11:20,,,,341,18.6,93,50,83
2024-01-01 20:11:21,,,,346,18.6,92,50,80
2024-01-01 20:11:22,,,,351,18.7,92,50,80
2024-01-01 20:11:23,,,,357,18.7,92,50,81
2024-01-01 20:11:24,,,,362,18.7,91,50,81
2024-01-01 20:11:25,,,,367,18.7,91,50,80
2024-01-01 20:11:26,,,,372,18.7,91,50,80
2024-01-01 20:11:27,,,,377,18.8,90,50,79
2024-01-01 20:11:28,,,,383,18.8,92,50,79
2024-01-01 20:11:30,,,,388,18.8,90,50,82
2024-01-01 20:11:30,,,,393,18.8,91,50,84
2024-01-01 20:11:31,,,,398,18.8,90,50,84
2024-01-01 20:11:32,,,,403,18.8,90,50,83
2024-01-01 20:11:33,,,,409,18.8,90,50,83
2024-01-01 20:11:34,,,,414,18.9,90,50,83
2024-01-01 20:11:35,,,,419,18.9,90,50,82
2024-01-01 20:11:36,,,,424,18.9,90,50,82
2024-01-01 20:11:37,,,,430,18.9,90,50,82
2024-01-01 20:11:38,,,,435,18.9,90,50,82
2024-01-01 20:11:39,,,,440,18.9,90,50,82
2024-01-01 20:11:40,,,,445,18.9,89,50,81
2024-01-01 20:11:41,,,,451,18.9,90,50,81
2024-01-01 20:11:42,,,,456,18.9,90,50,82
2024-01-01 20:11:43,,,,461,18.9,90,50,82
2024-01-01 20:11:44,,,,466,19.0,90,50,82
2024-01-01 20:11:45,,,,472,19.0,90,50,80
2024-01-01 20:11:46,,,,477,19.0,90,50,79
2024-01-01 20:11:47,,,,482,19.0,90,50,79
2024-01-01 20:11:48,,,,488,19.0,90,50,81
2024-01-01 20:11:49,,,,493,19.0,90,50,82
2024-01-01 20:11:50,,,,498,19.0,89,50,82
2024-01-01 20:11:51,,,,503,19.0,90,50,80
2024-01-01 20:11:52,,,,509,19.0,90,50,80
2024-01-01 20:11:53,,,,514,19.0,90,50,80
2024-01-01 20:11:54,,,,519,19.0,90,50,81
2024-01-01 20:11:55,,,,525,19.0,90,50,81
2024-01-01 20:11:56,,,,530,19.0,91,50,81
2024-01-01 20:11:57,,,,535,19.0,91,50,81
2024-01-01 20:11:58,,,,540,19.0,91,50,81
2024-01-01 20:11:59,,,,546,19.1,91,50,81
2024-01-01 20:12:01,,,,551,19.2,91,65,88
2024-01-01 20:12:01,,,,556,19.3,91,70,88
2024-01-01 20:12:02,,,,562,19.4,91,75,89
2024-01-01 20:12:03,,,,567,19.6,90,75,89
2024-01-01 20:12:04,,,,573,19.7,90,75,89
2024-01-01 20:12:05,,,,578,19.8,90,75,90
2024-01-01 20:12:06,,,,584,20.0,90,75,84
2024-01-01 20:12:07,,,,589,20.1,90,75,84
2024-01-01 20:12:08,,,,595,20.2,91,75,80
2024-01-01 20:12:09,,,,601,20.3,92,75,78
2024-01-01 20:12:10,,,,606,20.4,92,75,78
2024-01-01 20:12:11,,,,612,20.5,93,75,78
2024-01-01 20:12:12,,,,618,20.6,93,75,78
2024-01-01 20:12:13,,,,623,20.7,93,75,78
2024-01-01 20:12:14,,,,629,20.8,93,75,79
2024-01-01 20:12:15,,,,635,20.9,94,75,79
2024-01-01 20:12:16,,,,641,21.0,93,75,79
2024-01-01 20:12:17,,,,647,21.0,93,75,79
2024-01-01 20:12:18,,,,653,21.1,93,75,79
2024-01-01 20:12:19,,,,658,21.2,93,75,79
2024-01-01 20:12:20,,,,664,21.3,93,75,80
2024-01-01 20:12:21,,,,670,21.3,93,75,81
2024-01-01 20:12:22,,,,676,21.4,93,75,81
2024-01-01 20:12:23,,,,682,21.4,93,75,79
2024-01-01 20:12:24,,,,688,21.5,92,75,78
2024-01-01 20:12:25,,,,694,21.6,92,75,78
2024-01-01 20:12:26,,,,700,21.6,92,75,77
2024-01-01 20:12:27,,,,706,21.7,92,75,78
2024-01-01 20:12:28,,,,712,21.7,91,75,78
2024-01-01 20:12:29,,,,718,21.8,91,75,79
2024-01-01 20:12:30,,,,724,21.8,91,75,78
2024-01-01 20:12:31,,,,730,21.8,91,75,78
2024-01-01 20:12:32,,,,736,21.9,91,75,78
2024-01-01 20:12:33,,,,743,21.9,90,75,81
2024-01-01 20:12:34,,,,749,22.0,90,75,81
2024-01-01 20:12:35,,,,755,22.0,90,75,78
2024-01-01 20:12:36,,,,761,22.0,91,75,80
2024-01-01 20:12:37,,,,767,22.1,91,75,80
2024-01-01 20:12:38,,,,773,22.1,91,75,78
2024-01-01 20:12:39,,,,779,22.1,92,75,80
2024-01-01 20:12:40,,,,785,22.2,92,75,80
2024-01-01 20:12:41,,,,792,22.2,92,75,80
2024-01-01 20:12:42,,,,798,22.2,92,75,79
2024-01-01 20:12:43,,,,804,22.2,92,75,79
2024-01-01 20:12:44,,,,810,22.3,92,75,79
2024-01-01 20:12:45,,,,816,22.3,92,75,79
2024-01-01 20:12:46,,,,823,22.3,92,75,79
2024-01-01 20:12:47,,,,829,22.3,91,75,79
2024-01-01 20:12:48,,,,835,22.4,92,75,80
2024-01-01 20:12:49,,,,841,22.4,92,75,80
2024-01-01 20:12:50,,,,847,22.4,92,75,80
2024-01-01 20:12:51,,,,854,22.4,93,75,77
2024-01-01 20:12:52,,,,860,22.4,93,75,80
2024-01-01 20:12:53,,,,866,22.4,93,75,80
2024-01-01 20:12:54,,,,872,22.5,93,75,81
2024-01-01 20:12:55,,,,879,22.5,93,75,81
2024-01-01 20:12:56,,,,885,22.5,93,75,82
2024-01-01 20:12:57,,,,891,22.5,93,75,79
2024-01-01 20:12:58,,,,897,22.5,93,75,79
2024-01-01 20:12:59,,,,904,22.5,93,75,79
2024-01-01 20:13:00,,,,910,22.5,94,75,80
2024-01-01 20:13:01,,,,916,22.6,94,75,80
2024-01-01 20:13:02,,,,922,22.6,93,75,80
2024-01-01 20:13:03,,,,929,22.6,93,75,80
2024-01-01 20:13:04,,,,935,22.6,93,75,79
2024-01-01 20:13:05,,,,941,22.6,93,75,79
2024-01-01 20:13:06,,,,947,22.6,93,75,79
2024-01-01 20:13:07,,,,954,22.6,92,75,78
2024-01-01 20:13:08,,,,960,22.6,92,75,78
2024-01-01 20:13:09,,,,966,22.6,93,75,79
2024-01-01 20:13:10,,,,973,22.6,92,75,79
2024-01-01 20:13:11,,,,979,22.7,92,75,79
2024-01-01 20:13:12,,,,985,22.7,92,75,80
2024-01-01 20:13:13,,,,991,22.7,93,75,81
2024-01-01 20:13:14,,,,998,22.7,93,75,81
2024-01-01 20:13:15,,,,1004,22.7,92,75,80
2024-01-01 20:13:16,,,,1010,22.7,93,75,80
2024-01-01 20:13:17,,,,1017,22.7,93,75,80
2024-01-01 20:13:18,,,,1023,22.7,93,75,80
2024-01-01 20:13:19,,,,1029,22.7,92,75,79
2024-01-01 20:13:20,,,,1036,22.7,92,75,79
2024-01-01 20:13:21,,,,1042,22.7,92,75,81
2024-01-01 20:13:22,,,,1048,22.7,92,75,80
2024-01-01 20:13:23,,,,1055,22.7,92,75,80
2024-01-01 20:13:24,,,,1061,22.7,93,75,80
2024-01-01 20:13:25,,,,1067,22.7,93,75,80
2024-01-01 20:13:26,,,,1074,22.7,93,75,80
2024-01-01 20:13:27,,,,1080,22.7,93,75,81
2024-01-01 20:13:28,,,,1086,22.8,93,75,79
2024-01-01 20:13:29,,,,1092,22.8,93,75,79
2024-01-01 20:13:30,,,,1099,22.8,93,75,81
2024-01-01 20:13:31,,,,1105,22.8,93,75,81
2024-01-01 20:13:32,,,,1111,22.8,93,75,83
2024-01-01 20:13:33,,,,1118,22.8,93,75,82
2024-01-01 20:13:34,,,,1124,22.8,93,75,82
2024-01-01 20:13:35,,,,1130,22.8,93,75,82
2024-01-01 20:13:36,,,,1137,22.8,93,75,82
2024-01-01 20:13:37,,,,1143,22.8,93,75,82
2024-01-01 20:13:38,,,,1149,22.8,93,75,81
2024-01-01 20:13:39,,,,1156,22.8,93,75,81
2024-01-01 20:13:40,,,,1162,22.8,93,75,81
2024-01-01 20:13:41,,,,1168,22.8,93,75,81
2024-01-01 20:13:42,,,,1175,22.8,94,75,81
2024-01-01 20:13:43,,,,1181,22.8,94,75,81
2024-01-01 20:13:44,,,,1187,22.8,94,75,81
2024-01-01 20:13:45,,,,1194,22.8,94,75,81
2024-01-01 20:13:46,,,,1200,22.8,94,75,81
2024-01-01 20:13:47,,,,1206,22.8,94,75,80
2024-01-01 20:13:48,,,,1213,22.8,94,75,80
2024-01-01 20:13:49,,,,1219,22.8,94,75,80
2024-01-01 20:13:50,,,,1225,22.8,94,75,81
2024-01-01 20:13:51,,,,1232,22.8,94,75,81
2024-01-01 20:13:52,,,,1238,22.8,94,75,81
2024-01-01 20:13:53,,,,1244,22.8,94,75,80
2024-01-01 20:13:54,,,,1251,22.8,94,75,80
2024-01-01 20:13:55,,,,1257,22.8,94,75,80
2024-01-01 20:13:56,,,,1263,22.8,94,75,82
2024-01-01 20:13:57,,,,1270,22.8,94,75,81
2024-01-01 20:13:58,,,,1276,22.8,94,75,81
2024-01-01 20:13:59,,,,1282,22.8,94,75,81
2024-01-01 20:14:00,,,,1289,22.9,94,85,84
2024-01-01 20:14:01,,,,1295,23.0,94,95,85
2024-01-01 20:14:02,,,,1302,23.1,94,100,85
2024-01-01 20:14:03,,,,1308,23.2,94,100,85
2024-01-01 20:14:04,,,,1314,23.3,94,100,84
2024-01-01 20:14:05,,,,1321,23.4,94,100,84
2024-01-01 20:14:06,,,,1328,23.5,94,100,83
2024-01-01 20:14:07,,,,1334,23.6,94,100,83
2024-01-01 20:14:08,,,,1341,23.7,95,100,83
2024-01-01 20:14:09,,,,1347,23.8,95,100,81
2024-01-01 20:14:10,,,,1354,23.9,96,100,82
2024-01-01 20:14:11,,,,1361,24.0,96,100,82
2024-01-01 20:14:12,,,,1367,24.1,96,100,82
2024-01-01 20:14:13,,,,1374,24.1,96,100,82
2024-01-01 20:14:14,,,,1381,24.2,96,100,82
2024-01-01 20:14:15,,,,1387,24.3,96,100,82
2024-01-01 20:14:16,,,,1394,24.3,96,100,81
2024-01-01 20:14:17,,,,1401,24.4,95,100,81
2024-01-01 20:14:18,,,,1408,24.5,95,100,81
2024-01-01 20:14:19,,,,1415,24.5,95,100,80
2024-01-01 20:14:20,,,,1421,24.6,95,100,80
2024-01-01 20:14:21,,,,1428,24.6,95,100,81
2024-01-01 20:14:22,,,,1435,24.7,95,100,80
2024-01-01 20:14:23,,,,1442,24.7,95,100,80
2024-01-01 20:14:24,,,,1449,24.8,95,100,80
2024-01-01 20:14:25,,,,1456,24.8,95,100,80
2024-01-01 20:14:26,,,,1463,24.8,95,100,80
2024-01-01 20:14:27,,,,1470,24.9,95,100,80
2024-01-01 20:14:28,,,,1476,24.9,95,100,80
2024-01-01 20:14:29,,,,1483,24.9,95,100,80
2024-01-01 20:14:30,,,,1490,25.0,94,100,81
2024-01-01 20:14:31,,,,1497,25.0,94,100,81
2024-01-01 20:14:32,,,,1504,25.0,95,100,81
2024-01-01 20:14:33,,,,1511,25.1,95,100,81
2024-01-01 20:14:34,,,,1518,25.1,95,100,84
2024-01-01 20:14:35,,,,1525,25.1,95,100,84
2024-01-01 20:14:36,,,,1532,25.2,96,100,82
2024-01-01 20:14:37,,,,1539,25.2,96,100,80
2024-01-01 20:14:38,,,,1546,25.2,96,100,80
2024-01-01 20:14:39,,,,1553,25.2,97,100,81
2024-01-01 20:14:40,,,,1560,25.2,96,100,80
2024-01-01 20:14:41,,,,1567,25.3,96,100,80
2024-01-01 20:14:42,,,,1574,25.3,96,100,80
2024-01-01 20:14:43,,,,1581,25.3,97,100,81
2024-01-01 20:14:44,,,,1588,25.3,97,100,81
2024-01-01 20:14:45,,,,1595,25.3,97,100,80
2024-01-01 20:14:46,,,,1602,25.3,97,100,81
2024-01-01 20:14:47,,,,1609,25.4,97,100,81
2024-01-01 20:14:48,,,,1616,25.4,96,100,81
2024-01-01 20:14:49,,,,1623,25.4,95,100,80
2024-01-01 20:14:50,,,,1631,25.4,97,100,80
2024-01-01 20:14:51,,,,1638,25.4,96,100,77
2024-01-01 20:14:52,,,,1645,25.4,95,100,79
2024-01-01 20:14:53,,,,1652,25.4,95,100,79
2024-01-01 20:14:54,,,,1659,25.5,95,100,79
2024-01-01 20:14:55,,,,1666,25.5,94,100,81
2024-01-01 20:14:56,,,,1673,25.5,94,100,81
2024-01-01 20:14:57,,,,1680,25.5,95,100,80
2024-01-01 20:14:58,,,,1687,25.5,95,100,80
2024-01-01 20:14:59,,,,1694,25.5,95,100,80
2024-01-01 20:15:00,,,,1701,25.5,95,100,81
2024-01-01 20:15:01,,,,1708,25.5,96,100,81
2024-01-01 20:15:02,,,,1715,25.5,95,100,81
2024-01-01 20:15:03,,,,1723,25.5,96,100,81
2024-01-01 20:15:04,,,,1730,25.5,96,100,82
2024-01-01 20:15:05,,,,1737,25.5,96,100,81
2024-01-01 20:15:06,,,,1744,25.6,96,100,83
2024-01-01 20:15:07,,,,1751,25.6,96,100,83
2024-01-01 20:15:08,,,,1758,25.6,96,100,82
2024-01-01 20:15:09,,,,1765,25.6,96,100,82
2024-01-01 20:15:10,,,,1772,25.6,95,100,82
2024-01-01 20:15:11,,,,1779,25.6,95,100,81
2024-01-01 20:15:12,,,,1786,25.6,96,100,81
2024-01-01 20:15:13,,,,1794,25.6,95,100,81
2024-01-01 20:15:14,,,,1801,25.6,95,100,81
2024-01-01 20:15:15,,,,1808,25.6,96,100,81
2024-01-01 20:15:16,,,,1815,25.6,96,100,81
2024-01-01 20:15:17,,,,1822,25.6,96,100,81
2024-01-01 20:15:18,,,,1829,25.6,96,100,82
2024-01-01 20:15:19,,,,1836,25.6,96,100,82
2024-01-01 20:15:20,,,,1843,25.6,96,100,81
2024-01-01 20:15:21,,,,1850,25.6,96,100,82
2024-01-01 20:15:22,,,,1858,25.6,96,100,82
2024-01-01 20:15:23,,,,1865,25.6,96,100,81
2024-01-01 20:15:24,,,,1872,25.6,96,100,82
2024-01-01 20:15:25,,,,1879,25.6,96,100,82
2024-01-01 20:15:26,,,,1886,25.6,96,100,81
2024-01-01 20:15:27,,,,1893,25.6,96,100,82
2024-01-01 20:15:28,,,,1900,25.6,96,100,82
2024-01-01 20:15:29,,,,1907,25.6,96,100,82
2024-01-01 20:15:30,,,,1915,25.6,95,100,81
2024-01-01 20:15:31,,,,1922,25.6,95,100,82
2024-01-01 20:15:32,,,,1929,25.6,95,100,82
2024-01-01 20:15:33,,,,1936,25.6,95,100,83
2024-01-01 20:15:34,,,,1943,25.6,96,100,82
2024-01-01 20:15:35,,,,1950,25.6,96,100,82
2024-01-01 20:15:36,,,,1957,25.7,96,100,85
2024-01-01 20:15:37,,,,1964,25.7,97,100,84
2024-01-01 20:15:38,,,,1972,25.7,97,100,84
2024-01-01 20:15:39,,,,1979,25.7,97,100,83
2024-01-01 20:15:40,,,,1986,25.7,97,100,81
2024-01-01 20:15:41,,,,1993,25.7,97,100,81
2024-01-01 20:15:42,,,,2000,25.7,96,100,80
2024-01-01 20:15:43,,,,2007,25.7,96,100,81
2024-01-01 20:15:44,,,,2014,25.7,96,100,81
2024-01-01 20:15:45,,,,2021,25.7,97,100,83
2024-01-01 20:15:46,,,,2029,25.7,97,100,84
2024-01-01 20:15:47,,,,2036,25.7,97,100,84
2024-01-01 20:15:48,,,,2043,25.7,97,100,82
2024-01-01 20:15:49,,,,2050,25.7,97,100,84
2024-01-01 20:15:50,,,,2057,25.7,97,100,84
2024-01-01 20:15:51,,,,2064,25.7,97,100,82
2024-01-01 20:15:52,,,,2071,25.7,98,100,81
2024-01-01 20:15:53,,,,2078,25.7,98,100,81
2024-01-01 20:15:54,,,,2086,25.7,98,100,82
2024-01-01 20:15:55,,,,2093,25.7,98,100,81
2024-01-01 20:15:56,,,,2100,25.7,98,105,81
2024-01-01 20:15:57,,,,2107,25.8,98,125,82
2024-01-01 20:15:58,,,,2114,25.9,98,125,85
2024-01-01 20:15:59,,,,2121,26.0,98,125,85
2024-01-01 20:16:00,,,,2129,26.1,98,125,82
2024-01-01 20:16:01,,,,2136,26.2,98,125,83
2024-01-01 20:16:02,,,,2143,26.3,98,125,84
2024-01-01 20:16:03,,,,2151,26.4,98,125,81
2024-01-01 20:16:04,,,,2158,26.5,98,125,81
2024-01-01 20:16:05,,,,2165,26.5,98,125,80
2024-01-01 20:16:06,,,,2173,26.6,99,125,80
2024-01-01 20:16:07,,,,2180,26.7,99,125,80
2024-01-01 20:16:08,,,,2188,26.8,99,125,80
2024-01-01 20:16:09,,,,2195,26.8,98,125,80
2024-01-01 20:16:10,,,,2203,26.9,98,125,81
2024-01-01 20:16:11,,,,2210,26.9,98,125,82
2024-01-01 20:16:12,,,,2217,27.0,98,125,81
2024-01-01 20:16:13,,,,2225,27.0,99,125,81
2024-01-01 20:16:14,,,,2233,27.1,98,125,81
2024-01-01 20:16:15,,,,2240,27.1,98,125,82
2024-01-01 20:16:16,,,,2248,27.2,98,125,82
2024-01-01 20:16:17,,,,2255,27.2,98,125,82
2024-01-01 20:16:18,,,,2263,27.3,98,125,83
2024-01-01 20:16:19,,,,2270,27.3,98,125,83
2024-01-01 20:16:20,,,,2278,27.3,99,125,79
2024-01-01 20:16:21,,,,2286,27.4,99,125,79
2024-01-01 20:16:22,,,,2293,27.4,99,125,78
2024-01-01 20:16:23,,,,2301,27.4,99,125,78
2024-01-01 20:16:24,,,,2308,27.5,100,125,77
2024-01-01 20:16:25,,,,2316,27.5,100,125,77
2024-01-01 20:16:26,,,,2324,27.5,100,125,78
2024-01-01 20:16:27,,,,2331,27.6,100,125,78
2024-01-01 20:16:28,,,,2339,27.6,100,125,78
2024-01-01 20:16:29,,,,2347,27.6,100,125,78
2024-01-01 20:16:30,,,,2354,27.6,100,125,78
2024-01-01 20:16:31,,,,2362,27.6,100,125,77
2024-01-01 20:16:32,,,,2370,27.7,100,125,77
2024-01-01 20:16:33,,,,2377,27.7,100,125,78
2024-01-01 20:16:34,,,,2385,27.7,100,125,79
2024-01-01 20:16:35,,,,2393,27.7,100,125,79
2024-01-01 20:16:36,,,,2400,27.7,100,125,77
2024-01-01 20:16:37,,,,2408,27.7,99,125,78
2024-01-01 20:16:38,,,,2416,27.8,99,125,78
2024-01-01 20:16:39,,,,2424,27.8,98,125,78
2024-01-01 20:16:40,,,,2431,27.8,97,125,78
2024-01-01 20:16:41,,,,2439,27.8,97,125,78
2024-01-01 20:16:42,,,,2447,27.8,97,125,79
2024-01-01 20:16:43,,,,2455,27.8,97,125,78
2024-01-01 20:16:44,,,,2462,27.8,97,125,78
2024-01-01 20:16:45,,,,2470,27.8,97,125,79
2024-01-01 20:16:46,,,,2478,27.9,97,125,79
2024-01-01 20:16:47,,,,2485,27.9,97,125,79
2024-01-01 20:16:48,,,,2493,27.9,98,125,78
2024-01-01 20:16:49,,,,2501,27.9,98,125,78
2024-01-01 20:16:50,,,,2509,27.9,98,125,78
2024-01-01 20:16:51,,,,2516,27.9,98,125,77
2024-01-01 20:16:52,,,,2524,27.9,99,125,78
2024-01-01 20:16:53,,,,2532,27.9,98,125,78
2024-01-01 20:16:54,,,,2540,27.9,99,125,80
2024-01-01 20:16:55,,,,2547,27.9,99,125,81
2024-01-01 20:16:56,,,,2555,27.9,99,125,81
2024-01-01 20:16:57,,,,2563,27.9,99,125,80
2024-01-01 20:16:58,,,,2571,27.9,99,125,79
2024-01-01 20:16:59,,,,2579,28.0,99,125,79
2024-01-01 20:17:00,,,,2586,28.0,99,125,80
2024-01-01 20:17:01,,,,2594,28.0,100,125,80
2024-01-01 20:17:02,,,,2602,28.0,99,125,80
2024-01-01 20:17:03,,,,2610,28.0,99,125,79
2024-01-01 20:17:04,,,,2617,28.0,99,125,77
2024-01-01 20:17:05,,,,2625,28.0,99,125,77
2024-01-01 20:17:06,,,,2633,28.0,99,125,79
2024-01-01 20:17:07,,,,2641,28.0,99,125,78
2024-01-01 20:17:08,,,,2648,28.0,99,125,78
2024-01-01 20:17:09,,,,2656,28.0,99,125,77
2024-01-01 20:17:10,,,,2664,28.0,99,125,79
2024-01-01 20:17:11,,,,2672,28.0,99,125,79
2024-01-01 20:17:12,,,,2680,28.0,99,125,79
2024-01-01 20:17:13,,,,2687,28.0,100,125,78
2024-01-01 20:17:14,,,,2695,28.0,99,125,78
2024-01-01 20:17:15,,,,2703,28.0,99,125,79
2024-01-01 20:17:16,,,,2711,28.0,99,125,79
2024-01-01 20:17:17,,,,2718,28.0,99,125,79
2024-01-01 20:17:18,,,,2726,28.0,99,125,79
2024-01-01 20:17:19,,,,2734,28.0,99,125,80
2024-01-01 20:17:20,,,,2742,28.0,99,125,80
2024-01-01 20:17:21,,,,2750,28.0,99,125,80
2024-01-01 20:17:22,,,,2757,28.0,100,125,80
2024-01-01 20:17:23,,,,2765,28.0,100,125,80
2024-01-01 20:17:24,,,,2773,28.0,100,125,80
2024-01-01 20:17:25,,,,2781,28.0,101,125,80
2024-01-01 20:17:26,,,,2789,28.0,101,125,80
2024-01-01 20:17:27,,,,2796,28.0,101,125,79
2024-01-01 20:17:28,,,,2804,28.0,101,125,79
2024-01-01 20:17:29,,,,2812,28.0,101,125,79
2024-01-01 20:17:30,,,,2820,28.0,100,125,79
2024-01-01 20:17:31,,,,2827,28.0,99,125,78
2024-01-01 20:17:32,,,,2835,28.0,99,125,78
2024-01-01 20:17:33,,,,2843,28.0,98,125,77
2024-01-01 20:17:34,,,,2851,28.0,98,125,77
2024-01-01 20:17:35,,,,2859,28.0,98,125,77
2024-01-01 20:17:36,,,,2866,28.0,99,125,78
2024-01-01 20:17:37,,,,2874,28.0,99,125,78
2024-01-01 20:17:38,,,,2882,28.0,99,125,78
2024-01-01 20:17:39,,,,2890,28.0,99,125,78
2024-01-01 20:17:40,,,,2898,28.0,99,125,78
2024-01-01 20:17:41,,,,2905,28.0,100,125,77
2024-01-01 20:17:42,,,,2913,28.0,100,125,77
2024-01-01 20:17:43,,,,2921,28.0,100,125,78
2024-01-01 20:17:44,,,,2929,28.0,100,125,76
2024-01-01 20:17:45,,,,2936,28.0,99,125,76
2024-01-01 20:17:46,,,,2944,28.0,99,125,77
2024-01-01 20:17:47,,,,2952,28.0,99,125,77
2024-01-01 20:17:48,,,,2960,28.0,99,125,77
2024-01-01 20:17:49,,,,2968,28.0,99,125,80
2024-01-01 20:17:50,,,,2975,28.0,99,125,82
2024-01-01 20:17:51,,,,2983,28.0,98,125,82
2024-01-01 20:17:52,,,,2991,28.0,99,125,81
2024-01-01 20:17:53,,,,2999,28.0,99,125,80
2024-01-01 20:17:54,,,,3007,28.0,99,125,80
2024-01-01 20:17:55,,,,3014,28.0,99,125,80
2024-01-01 20:17:56,,,,3022,28.0,97,125,80
2024-01-01 20:17:57,,,,3030,28.0,99,125,80
2024-01-01 20:17:58,,,,3038,28.0,100,125,80
2024-01-01 20:17:59,,,,3046,28.0,100,125,82
2024-01-01 20:18:00,,,,3053,28.0,100,125,82
2024-01-01 20:18:01,,,,3061,28.0,100,125,81
2024-01-01 20:18:02,,,,3069,28.1,101,125,83
2024-01-01 20:18:03,,,,3077,28.1,101,125,83
2024-01-01 20:18:04,,,,3085,28.1,101,125,81
2024-01-01 20:18:05,,,,3092,28.1,101,125,81
2024-01-01 20:18:06,,,,3100,28.1,101,125,81
2024-01-01 20:18:07,,,,3108,28.1,101,125,80
2024-01-01 20:18:08,,,,3116,28.1,101,125,81
2024-01-01 20:18:09,,,,3123,28.1,101,125,81
2024-01-01 20:18:10,,,,3131,28.1,101,130,81
2024-01-01 20:18:11,,,,3139,28.1,101,140,84
2024-01-01 20:18:12,,,,3147,28.2,101,150,84
2024-01-01 20:18:13,,,,3155,28.3,100,150,85
2024-01-01 20:18:14,,,,3163,28.4,100,150,85
2024-01-01 20:18:15,,,,3171,28.5,100,150,87
2024-01-01 20:18:16,,,,3179,28.6,102,150,84
2024-01-01 20:18:17,,,,3187,28.7,101,150,84
2024-01-01 20:18:18,,,,3195,28.7,100,150,82
2024-01-01 20:18:19,,,,3203,28.8,101,150,81
2024-01-01 20:18:20,,,,3211,28.9,101,150,81
2024-01-01 20:18:21,,,,3219,28.9,102,150,83
2024-01-01 20:18:22,,,,3227,29.0,102,150,83
2024-01-01 20:18:23,,,,3235,29.1,102,150,83
2024-01-01 20:18:24,,,,3243,29.1,103,150,81
2024-01-01 20:18:25,,,,3251,29.2,103,150,81
2024-01-01 20:18:26,,,,3259,29.2,103,150,81
2024-01-01 20:18:27,,,,3267,29.3,103,150,81
2024-01-01 20:18:28,,,,3275,29.3,103,150,82
2024-01-01 20:18:29,,,,3283,29.3,103,150,82
2024-01-01 20:18:30,,,,3292,29.4,103,150,81
2024-01-01 20:18:31,,,,3300,29.4,103,150,81
2024-01-01 20:18:32,,,,3308,29.5,103,150,81
2024-01-01 20:18:33,,,,3316,29.5,102,150,81
2024-01-01 20:18:34,,,,3324,29.5,103,150,81
2024-01-01 20:18:35,,,,3333,29.6,103,150,81
2024-01-01 20:18:36,,,,3341,29.6,103,150,80
2024-01-01 20:18:37,,,,3349,29.6,103,150,81
2024-01-01 20:18:38,,,,3357,29.6,103,150,81
2024-01-01 20:18:39,,,,3365,29.7,103,150,81
2024-01-01 20:18:40,,,,3374,29.7,103,150,80
2024-01-01 20:18:41,,,,3382,29.7,103,150,80
2024-01-01 20:18:42,,,,3390,29.7,103,150,81
2024-01-01 20:18:43,,,,3398,29.7,103,150,82
2024-01-01 20:18:44,,,,3407,29.8,103,150,82
2024-01-01 20:18:45,,,,3415,29.8,102,150,81
2024-01-01 20:18:46,,,,3423,29.8,102,150,80
2024-01-01 20:18:47,,,,3432,29.8,102,150,80
2024-01-01 20:18:48,,,,3440,29.8,102,150,82
2024-01-01 20:18:49,,,,3448,29.8,103,150,82
2024-01-01 20:18:50,,,,3456,29.9,103,150,82
2024-01-01 20:18:51,,,,3465,29.9,103,150,82
2024-01-01 20:18:52,,,,3473,29.9,103,150,82
2024-01-01 20:18:53,,,,3481,29.9,103,150,80
2024-01-01 20:18:54,,,,3490,29.9,103,150,80
2024-01-01 20:18:55,,,,3498,29.9,103,150,82
2024-01-01 20:18:56,,,,3506,29.9,103,150,81
2024-01-01 20:18:57,,,,3515,29.9,103,150,81
2024-01-01 20:18:58,,,,3523,29.9,104,150,81
2024-01-01 20:18:59,,,,3531,29.9,104,150,82
2024-01-01 20:19:00,,,,3540,30.0,104,150,82
2024-01-01 20:19:01,,,,3548,30.0,104,150,81
2024-01-01 20:19:02,,,,3556,30.0,104,150,83
2024-01-01 20:19:03,,,,3565,30.0,104,150,83
2024-01-01 20:19:04,,,,3573,30.0,104,150,84
2024-01-01 20:19:05,,,,3581,30.0,104,150,85
2024-01-01 20:19:06,,,,3590,30.0,104,150,85
2024-01-01 20:19:07,,,,3598,30.0,105,150,84
2024-01-01 20:19:08,,,,3606,30.0,104,150,84
2024-01-01 20:19:09,,,,3615,30.0,104,150,84
2024-01-01 20:19:10,,,,3623,30.0,104,150,84
2024-01-01 20:19:11,,,,3631,30.0,104,150,84
2024-01-01 20:19:12,,,,3640,30.0,104,150,82
2024-01-01 20:19:13,,,,3648,30.0,105,150,82
2024-01-01 20:19:14,,,,3656,30.0,105,150,82
2024-01-01 20:19:15,,,,3665,30.0,105,150,83
2024-01-01 20:19:16,,,,3673,30.0,105,150,82
2024-01-01 20:19:17,,,,3681,30.0,105,150,82
2024-01-01 20:19:18,,,,3690,30.0,105,150,80
2024-01-01 20:19:19,,,,3698,30.1,105,150,82
2024-01-01 20:19:20,,,,3706,30.1,105,150,82
2024-01-01 20:19:21,,,,3715,30.1,105,150,82
2024-01-01 20:19:22,,,,3723,30.1,105,150,81
2024-01-01 20:19:23,,,,3731,30.1,105,150,81
2024-01-01 20:19:24,,,,3740,30.1,105,150,81
2024-01-01 20:19:25,,,,3748,30.1,105,150,82
2024-01-01 20:19:26,,,,3756,30.1,105,150,82
2024-01-01 20:19:27,,,,3765,30.1,105,150,80
2024-01-01 20:19:28,,,,3773,30.1,104,150,82
2024-01-01 20:19:29,,,,3781,30.1,104,150,82
2024-01-01 20:19:30,,,,3790,30.1,104,150,84
2024-01-01 20:19:31,,,,3798,30.1,104,150,82
2024-01-01 20:19:32,,,,3807,30.1,104,150,82
2024-01-01 20:19:33,,,,3815,30.1,104,150,82
2024-01-01 20:19:34,,,,3823,30.1,104,150,81
2024-01-01 20:19:35,,,,3832,30.1,105,150,81
2024-01-01 20:19:36,,,,3840,30.1,105,150,81
2024-01-01 20:19:37,,,,3848,30.1,105,150,81
2024-01-01 20:19:38,,,,3857,30.1,105,150,81
2024-01-01 20:19:39,,,,3865,30.1,106,150,82
2024-01-01 20:19:40,,,,3873,30.1,104,150,83
2024-01-01 20:19:41,,,,3882,30.1,104,150,83
2024-01-01 20:19:42,,,,3890,30.1,104,150,81
2024-01-01 20:19:43,,,,3898,30.1,104,150,81
2024-01-01 20:19:44,,,,3907,30.1,104,150,81
2024-01-01 20:19:45,,,,3915,30.1,104,150,81
2024-01-01 20:19:46,,,,3924,30.1,104,150,80
2024-01-01 20:19:47,,,,3932,30.1,104,150,80
2024-01-01 20:19:48,,,,3940,30.1,104,150,81
2024-01-01 20:19:49,,,,3949,30.1,104,150,80
2024-01-01 20:19:50,,,,3957,30.1,104,150,83
2024-01-01 20:19:51,,,,3965,30.1,104,150,83
2024-01-01 20:19:52,,,,3974,30.1,104,150,80
2024-01-01 20:19:53,,,,3982,30.1,104,150,86
2024-01-01 20:19:54,,,,3990,30.1,104,150,86
2024-01-01 20:19:55,,,,3999,30.2,103,165,83
2024-01-01 20:19:56,,,,4007,30.2,103,170,82
2024-01-01 20:19:57,,,,4016,30.3,103,180,82
2024-01-01 20:19:58,,,,4024,30.4,106,175,82
2024-01-01 20:19:59,,,,4033,30.5,106,175,78
2024-01-01 20:20:00,,,,4041,30.6,104,175,78
2024-01-01 20:20:01,,,,4050,30.7,104,175,82
2024-01-01 20:20:02,,,,4058,30.7,105,175,80
2024-01-01 20:20:03,,,,4067,30.8,104,175,80
2024-01-01 20:20:04,,,,4075,30.9,104,175,78
2024-01-01 20:20:05,,,,4084,30.9,104,175,80
2024-01-01 20:20:06,,,,4092,31.0,105,175,80
2024-01-01 20:20:07,,,,4101,31.0,105,175,78
2024-01-01 20:20:08,,,,4110,31.1,105,175,79
2024-01-01 20:20:09,,,,4118,31.1,106,175,79
2024-01-01 20:20:10,,,,4127,31.2,106,175,79
2024-01-01 20:20:11,,,,4136,31.2,106,175,79
2024-01-01 20:20:12,,,,4144,31.2,106,175,79
2024-01-01 20:20:13,,,,4153,31.3,106,175,79
2024-01-01 20:20:14,,,,4162,31.3,106,175,80
2024-01-01 20:20:15,,,,4170,31.3,106,175,80
2024-01-01 20:20:16,,,,4179,31.4,107,175,80
2024-01-01 20:20:17,,,,4188,31.4,107,175,79
2024-01-01 20:20:18,,,,4197,31.4,108,175,79
2024-01-01 20:20:19,,,,4205,31.5,107,175,79
2024-01-01 20:20:20,,,,4214,31.5,107,175,80
2024-01-01 20:20:21,,,,4223,31.5,107,175,80
2024-01-01 20:20:22,,,,4232,31.5,107,175,79
2024-01-01 20:20:23,,,,4240,31.6,107,175,80
2024-01-01 20:20:24,,,,4249,31.6,107,175,80
2024-01-01 20:20:25,,,,4258,31.6,107,175,79
2024-01-01 20:20:26,,,,4267,31.6,107,175,78
2024-01-01 20:20:27,,,,4275,31.6,107,175,78
2024-01-01 20:20:28,,,,4284,31.6,106,175,77
2024-01-01 20:20:29,,,,4293,31.7,108,175,78
2024-01-01 20:20:30,,,,4302,31.7,107,175,78
2024-01-01 20:20:31,,,,4311,31.7,107,175,78
2024-01-01 20:20:32,,,,4319,31.7,107,175,78
2024-01-01 20:20:33,,,,4328,31.7,107,175,78
2024-01-01 20:20:34,,,,4337,31.7,108,175,78
2024-01-01 20:20:35,,,,4346,31.7,108,175,78
2024-01-01 20:20:36,,,,4355,31.7,108,175,81
2024-01-01 20:20:37,,,,4363,31.8,108,175,81
2024-01-01 20:20:38,,,,4372,31.8,107,175,84
2024-01-01 20:20:39,,,,4381,31.8,108,175,84
2024-01-01 20:20:40,,,,4390,31.8,108,175,82
2024-01-01 20:20:41,,,,4399,31.8,108,175,78
2024-01-01 20:20:42,,,,4408,31.8,106,175,78
2024-01-01 20:20:43,,,,4416,31.8,109,175,79
2024-01-01 20:20:44,,,,4425,31.8,109,175,79
2024-01-01 20:20:45,,,,4434,31.8,109,175,78
2024-01-01 20:20:46,,,,4443,31.8,108,175,79
2024-01-01 20:20:47,,,,4452,31.8,108,175,79
2024-01-01 20:20:48,,,,4461,31.8,108,175,78
2024-01-01 20:20:49,,,,4470,31.8,108,175,78
2024-01-01 20:20:50,,,,4478,31.8,108,175,78
2024-01-01 20:20:51,,,,4487,31.8,108,175,78
2024-01-01 20:20:52,,,,4496,31.9,108,175,79
2024-01-01 20:20:53,,,,4505,31.9,108,175,79
2024-01-01 20:20:54,,,,4514,31.9,110,175,77
2024-01-01 20:20:55,,,,4523,31.9,108,175,79
2024-01-01 20:20:56,,,,4531,31.9,108,175,79
2024-01-01 20:20:57,,,,4540,31.9,108,175,79
2024-01-01 20:20:58,,,,4549,31.9,109,175,78
2024-01-01 20:20:59,,,,4558,31.9,109,175,78
2024-01-01 20:21:00,,,,4567,31.9,108,175,76
2024-01-01 20:21:01,,,,4576,31.9,109,175,78
2024-01-01 20:21:02,,,,4585,31.9,109,175,78
2024-01-01 20:21:03,,,,4593,31.9,109,175,78
2024-01-01 20:21:04,,,,4602,31.9,109,175,79
2024-01-01 20:21:05,,,,4611,31.9,109,175,79
2024-01-01 20:21:06,,,,4620,31.9,109,175,78
2024-01-01 20:21:07,,,,4629,31.9,109,175,77
2024-01-01 20:21:08,,,,4638,31.9,109,175,77
2024-01-01 20:21:09,,,,4647,31.9,109,175,78
2024-01-01 20:21:10,,,,4655,31.9,109,175,78
2024-01-01 20:21:11,,,,4664,31.9,109,175,78
2024-01-01 20:21:12,,,,4673,31.9,109,175,77
2024-01-01 20:21:13,,,,4682,31.9,109,175,78
2024-01-01 20:21:14,,,,4691,31.9,109,175,78
2024-01-01 20:21:15,,,,4700,31.9,109,175,78
2024-01-01 20:21:16,,,,4709,31.9,109,175,77
2024-01-01 20:21:17,,,,4717,31.9,109,175,77
2024-01-01 20:21:18,,,,4726,31.9,109,175,79
2024-01-01 20:21:19,,,,4735,31.9,110,175,77
2024-01-01 20:21:20,,,,4744,31.9,110,175,77
2024-01-01 20:21:21,,,,4753,31.9,110,175,77
2024-01-01 20:21:22,,,,4762,31.9,110,175,77
2024-01-01 20:21:23,,,,4771,31.9,110,175,78
2024-01-01 20:21:24,,,,4780,31.9,110,175,78
2024-01-01 20:21:25,,,,4788,31.9,110,175,77
2024-01-01 20:21:26,,,,4797,31.9,110,175,78
2024-01-01 20:21:27,,,,4806,31.9,110,175,78
2024-01-01 20:21:28,,,,4815,31.9,110,175,77
2024-01-01 20:21:29,,,,4824,31.9,110,175,77
2024-01-01 20:21:30,,,,4833,31.9,110,175,77
2024-01-01 20:21:31,,,,4842,31.9,110,175,79
2024-01-01 20:21:32,,,,4850,31.9,111,175,77
2024-01-01 20:21:33,,,,4859,31.9,110,175,77
2024-01-01 20:21:34,,,,4868,31.9,110,175,76
2024-01-01 20:21:35,,,,4877,31.9,110,175,77
2024-01-01 20:21:36,,,,4886,31.9,110,175,77
2024-01-01 20:21:37,,,,4895,31.9,109,175,77
2024-01-01 20:21:38,,,,4904,31.9,109,175,81
2024-01-01 20:21:39,,,,4913,31.9,109,175,81
2024-01-01 20:21:40,,,,4921,31.9,110,175,80
2024-01-01 20:21:41,,,,4930,31.9,109,175,80
2024-01-01 20:21:42,,,,4939,31.9,109,175,80
2024-01-01 20:21:43,,,,4948,31.9,109,175,80
2024-01-01 20:21:44,,,,4957,31.9,108,175,80
2024-01-01 20:21:45,,,,4966,31.9,109,175,80
2024-01-01 20:21:46,,,,4975,31.9,110,175,79
2024-01-01 20:21:47,,,,4983,31.9,110,175,79
2024-01-01 20:21:48,,,,4992,31.9,110,175,79
2024-01-01 20:21:49,,,,5001,31.9,110,175,79
2024-01-01 20:21:50,,,,5010,31.9,110,175,79
2024-01-01 20:21:51,,,,5019,31.9,110,175,78
2024-01-01 20:21:52,,,,5028,31.9,110,175,78
2024-01-01 20:21:53,,,,5037,31.9,110,175,78
2024-01-01 20:21:54,,,,5046,31.9,110,175,81
2024-01-01 20:21:55,,,,5054,31.9,111,175,80
2024-01-01 20:21:56,,,,5063,31.9,109,175,80
2024-01-01 20:21:57,,,,5072,31.9,111,175,80
2024-01-01 20:21:58,,,,5081,31.9,111,175,78
2024-01-01 20:21:59,,,,5090,31.9,111,175,78
2024-01-01 20:22:00,,,,5099,32.0,111,185,81
2024-01-01 20:22:01,,,,5108,32.0,111,190,83
2024-01-01 20:22:02,,,,5117,32.1,110,195,84
2024-01-01 20:22:03,,,,5126,32.2,110,200,84
2024-01-01 20:22:04,,,,5134,32.2,110,200,83
2024-01-01 20:22:05,,,,5143,32.3,110,200,85
2024-01-01 20:22:06,,,,5152,32.4,110,200,85
2024-01-01 20:22:07,,,,5161,32.5,107,200,81
2024-01-01 20:22:08,,,,5170,32.5,110,200,80
2024-01-01 20:22:09,,,,5180,32.6,112,200,80
2024-01-01 20:22:10,,,,5189,32.6,111,200,81
2024-01-01 20:22:11,,,,5198,32.7,111,200,80
2024-01-01 20:22:12,,,,5207,32.7,111,200,80
2024-01-01 20:22:13,,,,5216,32.8,111,200,80
2024-01-01 20:22:14,,,,5225,32.8,111,200,80
2024-01-01 20:22:15,,,,5234,32.9,111,200,80
2024-01-01 20:22:16,,,,5243,32.9,111,200,80
2024-01-01 20:22:17,,,,5252,33.0,111,200,79
2024-01-01 20:22:18,,,,5262,33.0,111,200,79
2024-01-01 20:22:19,,,,5271,33.0,111,200,79
2024-01-01 20:22:20,,,,5280,33.1,111,200,80
2024-01-01 20:22:21,,,,5289,33.1,111,200,80
2024-01-01 20:22:22,,,,5298,33.1,111,200,79
2024-01-01 20:22:23,,,,5308,33.1,111,200,79
2024-01-01 20:22:24,,,,5317,33.2,111,200,79
2024-01-01 20:22:25,,,,5326,33.2,112,200,79
2024-01-01 20:22:26,,,,5335,33.2,112,200,78
2024-01-01 20:22:27,,,,5344,33.2,111,200,78
2024-01-01 20:22:28,,,,5354,33.2,111,200,78
2024-01-01 20:22:29,,,,5363,33.3,110,200,79
2024-01-01 20:22:30,,,,5372,33.3,111,200,79
2024-01-01 20:22:31,,,,5381,33.3,111,200,77
2024-01-01 20:22:32,,,,5391,33.3,111,200,77
2024-01-01 20:22:33,,,,5400,33.3,112,200,78
2024-01-01 20:22:34,,,,5409,33.3,109,200,79
2024-01-01 20:22:35,,,,5418,33.4,112,200,79
2024-01-01 20:22:36,,,,5428,33.4,112,200,80
2024-01-01 20:22:37,,,,5437,33.4,112,200,80
2024-01-01 20:22:38,,,,5446,33.4,112,200,81
2024-01-01 20:22:39,,,,5456,33.4,112,200,81
2024-01-01 20:22:40,,,,5465,33.4,113,200,80
2024-01-01 20:22:41,,,,5474,33.4,113,200,80
2024-01-01 20:22:42,,,,5483,33.4,113,200,80
2024-01-01 20:22:43,,,,5493,33.4,113,200,80
2024-01-01 20:22:44,,,,5502,33.4,113,200,80
2024-01-01 20:22:45,,,,5511,33.5,113,200,80
2024-01-01 20:22:46,,,,5521,33.5,113,200,78
2024-01-01 20:22:47,,,,5530,33.5,113,200,78
2024-01-01 20:22:48,,,,5539,33.5,113,200,78
2024-01-01 20:22:49,,,,5548,33.5,113,200,78
2024-01-01 20:22:50,,,,5558,33.5,113,200,78
2024-01-01 20:22:51,,,,5567,33.5,113,200,80
2024-01-01 20:22:52,,,,5576,33.5,113,200,80
2024-01-01 20:22:53,,,,5586,33.5,112,200,80
2024-01-01 20:22:54,,,,5595,33.5,113,200,78
2024-01-01 20:22:55,,,,5604,33.5,113,200,78
2024-01-01 20:22:56,,,,5614,33.5,113,200,78
2024-01-01 20:22:57,,,,5623,33.5,113,200,79
2024-01-01 20:22:58,,,,5632,33.5,113,200,78
2024-01-01 20:22:59,,,,5641,33.5,113,200,78
2024-01-01 20:23:00,,,,5651,33.5,112,200,78
2024-01-01 20:23:01,,,,5660,33.5,114,200,79
2024-01-01 20:23:02,,,,5669,33.5,112,200,79
2024-01-01 20:23:03,,,,5679,33.5,114,200,78
2024-01-01 20:23:04,,,,5688,33.5,114,200,79
2024-01-01 20:23:05,,,,5697,33.5,114,200,79
2024-01-01 20:23:06,,,,5707,33.5,114,200,80
2024-01-01 20:23:07,,,,5716,33.5,114,200,81
2024-01-01 20:23:08,,,,5725,33.5,114,200,81
2024-01-01 20:23:09,,,,5735,33.5,114,200,79
2024-01-01 20:23:10,,,,5744,33.5,115,200,79
2024-01-01 20:23:11,,,,5753,33.5,114,200,79
2024-01-01 20:23:12,,,,5763,33.5,114,200,82
2024-01-01 20:23:13,,,,5772,33.5,113,200,81
2024-01-01 20:23:14,,,,5781,33.5,112,200,81
2024-01-01 20:23:15,,,,5791,33.6,113,200,79
2024-01-01 20:23:16,,,,5800,33.6,113,200,80
2024-01-01 20:23:17,,,,5809,33.6,113,200,80
2024-01-01 20:23:18,,,,5818,33.6,114,200,79
2024-01-01 20:23:19,,,,5828,33.6,113,200,78
2024-01-01 20:23:20,,,,5837,33.6,115,200,78
2024-01-01 20:23:21,,,,5846,33.6,114,200,79
2024-01-01 20:23:22,,,,5856,33.6,114,200,77
2024-01-01 20:23:23,,,,5865,33.6,114,200,77
2024-01-01 20:23:24,,,,5874,33.6,114,200,77
2024-01-01 20:23:25,,,,5884,33.6,115,200,76
2024-01-01 20:23:26,,,,5893,33.6,115,200,76
2024-01-01 20:23:27,,,,5902,33.6,115,200,76
2024-01-01 20:23:28,,,,5912,33.6,115,200,77
2024-01-01 20:23:29,,,,5921,33.6,115,200,77
2024-01-01 20:23:30,,,,5930,33.6,115,200,77
2024-01-01 20:23:31,,,,5940,33.6,115,200,77
2024-01-01 20:23:32,,,,5949,33.6,115,200,77
2024-01-01 20:23:33,,,,5958,33.6,115,200,78
2024-01-01 20:23:34,,,,5968,33.6,115,200,79
2024-01-01 20:23:35,,,,5977,33.6,115,200,79
2024-01-01 20:23:36,,,,5986,33.6,115,200,77
2024-01-01 20:23:37,,,,5996,33.6,115,200,79
2024-01-01 20:23:38,,,,6005,33.6,115,200,79
2024-01-01 20:23:39,,,,6014,33.6,114,200,79
2024-01-01 20:23:40,,,,6024,33.6,114,200,78
2024-01-01 20:23:41,,,,6033,33.6,114,200,78
2024-01-01 20:23:42,,,,6042,33.6,114,200,78
2024-01-01 20:23:43,,,,6052,33.6,114,200,78
2024-01-01 20:23:44,,,,6061,33.6,114,200,77
2024-01-01 20:23:45,,,,6070,33.6,114,200,77
2024-01-01 20:23:46,,,,6080,33.6,113,200,78
2024-01-01 20:23:47,,,,6089,33.6,113,200,78
2024-01-01 20:23:48,,,,6098,33.6,114,200,78
2024-01-01 20:23:49,,,,6108,33.6,114,200,77
2024-01-01 20:23:50,,,,6117,33.6,114,200,76
2024-01-01 20:23:51,,,,6126,33.6,114,200,76
2024-01-01 20:23:52,,,,6135,33.6,114,200,77
2024-01-01 20:23:53,,,,6145,33.6,114,200,81
2024-01-01 20:23:54,,,,6154,33.6,114,200,81
2024-01-01 20:23:55,,,,6163,33.6,114,200,82
2024-01-01 20:23:56,,,,6173,33.6,114,200,77
2024-01-01 20:23:57,,,,6182,33.6,115,200,77
2024-01-01 20:23:58,,,,6191,33.6,115,200,78
2024-01-01 20:23:59,,,,6201,33.6,115,200,78
2024-01-01 20:24:00,,,,6210,33.6,115,200,78
2024-01-01 20:24:01,,,,6219,33.6,114,200,78
2024-01-01 20:24:02,,,,6229,33.6,114,200,81
2024-01-01 20:24:03,,,,6238,33.6,114,210,81
2024-01-01 20:24:04,,,,6247,33.7,114,225,80
2024-01-01 20:24:05,,,,6257,33.8,114,225,81
2024-01-01 20:24:06,,,,6266,33.9,114,225,81
2024-01-01 20:24:07,,,,6276,33.9,115,225,81
2024-01-01 20:24:08,,,,6285,34.0,115,225,79
2024-01-01 20:24:09,,,,6295,34.1,115,225,79
2024-01-01 20:24:10,,,,6304,34.1,117,225,78
2024-01-01 20:24:11,,,,6314,34.2,115,225,78
2024-01-01 20:24:12,,,,6323,34.2,115,225,78
2024-01-01 20:24:13,,,,6333,34.3,114,225,75
2024-01-01 20:24:14,,,,6342,34.3,113,225,75
2024-01-01 20:24:15,,,,6352,34.4,114,225,75
2024-01-01 20:24:16,,,,6361,34.4,114,225,73
2024-01-01 20:24:17,,,,6371,34.4,114,225,73
2024-01-01 20:24:18,,,,6380,34.5,113,225,77
2024-01-01 20:24:19,,,,6390,34.5,113,225,77
2024-01-01 20:24:20,,,,6400,34.6,113,225,77
2024-01-01 20:24:21,,,,6409,34.6,114,225,77
2024-01-01 20:24:22,,,,6419,34.6,114,225,77
2024-01-01 20:24:23,,,,6428,34.6,114,225,77
2024-01-01 20:24:24,,,,6438,34.7,115,225,77
2024-01-01 20:24:25,,,,6448,34.7,116,225,79
2024-01-01 20:24:26,,,,6457,34.7,114,225,79
2024-01-01 20:24:27,,,,6467,34.7,116,225,76
2024-01-01 20:24:28,,,,6477,34.8,117,225,74
2024-01-01 20:24:29,,,,6486,34.8,116,225,74
2024-01-01 20:24:30,,,,6496,34.8,118,225,75
2024-01-01 20:24:31,,,,6506,34.8,118,225,75
2024-01-01 20:24:32,,,,6515,34.8,116,225,72
2024-01-01 20:24:33,,,,6525,34.8,118,225,72
2024-01-01 20:24:34,,,,6535,34.9,118,225,72
2024-01-01 20:24:35,,,,6544,34.9,119,225,79
2024-01-01 20:24:36,,,,6554,34.9,118,225,79
2024-01-01 20:24:37,,,,6564,34.9,121,225,77
2024-01-01 20:24:38,,,,6573,34.9,119,225,76
2024-01-01 20:24:39,,,,6583,34.9,119,225,76
2024-01-01 20:24:40,,,,6593,34.9,119,225,79
2024-01-01 20:24:41,,,,6602,34.9,119,225,79
2024-01-01 20:24:42,,,,6612,34.9,119,225,79
2024-01-01 20:24:43,,,,6622,34.9,120,225,77
2024-01-01 20:24:44,,,,6632,35.0,120,225,77
2024-01-01 20:24:45,,,,6641,35.0,120,225,77
2024-01-01 20:24:46,,,,6651,35.0,120,225,77
2024-01-01 20:24:47,,,,6661,35.0,120,225,77
2024-01-01 20:24:48,,,,6670,35.0,120,225,76
2024-01-01 20:24:49,,,,6680,35.0,120,225,76
2024-01-01 20:24:50,,,,6690,35.0,120,225,76
2024-01-01 20:24:51,,,,6700,35.0,120,225,76
2024-01-01 20:24:52,,,,6709,35.0,120,225,76
2024-01-01 20:24:53,,,,6719,35.0,120,225,76
2024-01-01 20:24:54,,,,6729,35.0,120,225,76
2024-01-01 20:24:55,,,,6738,35.0,120,225,75
2024-01-01 20:24:56,,,,6748,35.0,120,225,75
2024-01-01 20:24:57,,,,6758,35.0,121,225,75
2024-01-01 20:24:58,,,,6768,35.0,120,225,72
2024-01-01 20:24:59,,,,6777,35.0,119,225,72
2024-01-01 20:25:00,,,,6787,35.0,119,225,73
2024-01-01 20:25:01,,,,6797,35.0,119,225,73
2024-01-01 20:25:02,,,,6807,35.0,119,225,74
2024-01-01 20:25:03,,,,6816,35.0,119,225,74
2024-01-01 20:25:04,,,,6826,35.0,119,225,74
2024-01-01 20:25:05,,,,6836,35.0,119,225,73
2024-01-01 20:25:06,,,,6846,35.0,119,225,73
2024-01-01 20:25:07,,,,6855,35.0,119,225,74
2024-01-01 20:25:08,,,,6865,35.1,119,225,74
2024-01-01 20:25:09,,,,6875,35.1,118,225,75
2024-01-01 20:25:10,,,,6884,35.1,120,225,81
2024-01-01 20:25:11,,,,6894,35.1,120,225,81
2024-01-01 20:25:12,,,,6904,35.1,120,225,83
2024-01-01 20:25:13,,,,6914,35.1,120,225,82
2024-01-01 20:25:14,,,,6923,35.1,120,225,79
2024-01-01 20:25:15,,,,6933,35.1,120,225,79
2024-01-01 20:25:16,,,,6943,35.1,120,225,79
2024-01-01 20:25:17,,,,6953,35.1,120,225,79
2024-01-01 20:25:18,,,,6962,35.1,119,225,77
2024-01-01 20:25:19,,,,6972,35.1,120,225,77
2024-01-01 20:25:20,,,,6982,35.1,120,225,77
2024-01-01 20:25:21,,,,6992,35.1,120,225,76
2024-01-01 20:25:22,,,,7001,35.1,120,225,77
2024-01-01 20:25:23,,,,7011,35.1,120,225,77
2024-01-01 20:25:24,,,,7021,35.1,120,225,77
2024-01-01 20:25:25,,,,7031,35.1,120,225,77
2024-01-01 20:25:26,,,,7040,35.1,120,225,77
2024-01-01 20:25:27,,,,7050,35.1,120,225,76
2024-01-01 20:25:28,,,,7060,35.1,120,225,76
2024-01-01 20:25:29,,,,7070,35.1,120,225,76
2024-01-01 20:25:30,,,,7079,35.1,120,225,77
2024-01-01 20:25:31,,,,7089,35.1,120,225,77
2024-01-01 20:25:32,,,,7099,35.1,120,225,77
2024-01-01 20:25:33,,,,7109,35.1,121,225,76
2024-01-01 20:25:34,,,,7118,35.1,121,225,77
2024-01-01 20:25:35,,,,7128,35.1,121,225,77
2024-01-01 20:25:36,,,,7138,35.1,121,225,76
2024-01-01 20:25:37,,,,7147,35.1,121,225,75
2024-01-01 20:25:38,,,,7157,35.1,120,225,75
2024-01-01 20:25:39,,,,7167,35.1,121,225,78
2024-01-01 20:25:40,,,,7177,35.1,118,225,78
2024-01-01 20:25:41,,,,7186,35.1,121,225,75
2024-01-01 20:25:42,,,,7196,35.1,121,225,75
2024-01-01 20:25:43,,,,7206,35.1,121,225,76
2024-01-01 20:25:44,,,,7216,35.1,121,225,76
2024-01-01 20:25:45,,,,7225,35.1,121,225,76
2024-01-01 20:25:46,,,,7235,35.1,121,225,74
2024-01-01 20:25:47,,,,7245,35.1,121,225,78
2024-01-01 20:25:48,,,,7255,35.1,121,225,78
2024-01-01 20:25:49,,,,7264,35.1,120,225,74
2024-01-01 20:25:50,,,,7274,35.1,120,225,74
2024-01-01 20:25:51,,,,7284,35.1,121,225,74
2024-01-01 20:25:52,,,,7294,35.1,120,225,76
2024-01-01 20:25:53,,,,7303,35.1,120,225,76
2024-01-01 20:25:54,,,,7313,35.1,120,225,74
2024-01-01 20:25:55,,,,7323,35.1,120,225,75
2024-01-01 20:25:56,,,,7333,35.1,120,225,75
2024-01-01 20:25:57,,,,7342,35.1,120,225,76
2024-01-01 20:25:58,,,,7352,35.1,121,225,74
2024-01-01 20:25:59,,,,7362,35.1,121,225,74
2024-01-01 20:26:00,,,,7372,35.1,121,225,73
2024-01-01 20:26:01,,,,7381,35.1,121,225,74
2024-01-01 20:26:02,,,,7391,35.1,121,225,74
2024-01-01 20:26:03,,,,7401,35.1,121,230,75
2024-01-01 20:26:04,,,,7411,35.2,121,250,75
2024-01-01 20:26:05,,,,7420,35.3,121,250,75
2024-01-01 20:26:06,,,,7430,35.3,122,250,75
2024-01-01 20:26:07,,,,7440,35.4,122,250,76
2024-01-01 20:26:08,,,,7450,35.5,122,250,78
2024-01-01 20:26:09,,,,7460,35.5,122,250,78
2024-01-01 20:26:10,,,,7470,35.6,124,250,75
2024-01-01 20:26:11,,,,7480,35.6,122,250,77
2024-01-01 20:26:12,,,,7489,35.7,122,250,77
2024-01-01 20:26:13,,,,7499,35.7,122,250,73
2024-01-01 20:26:14,,,,7509,35.8,122,250,73
2024-01-01 20:26:15,,,,7519,35.8,122,250,73
2024-01-01 20:26:16,,,,7529,35.9,123,250,71
2024-01-01 20:26:17,,,,7539,35.9,124,250,71
2024-01-01 20:26:18,,,,7549,35.9,123,250,78
2024-01-01 20:26:19,,,,7559,36.0,123,250,77
2024-01-01 20:26:20,,,,7569,36.0,125,250,77
2024-01-01 20:26:21,,,,7579,36.0,123,250,76
2024-01-01 20:26:22,,,,7589,36.1,122,250,73
2024-01-01 20:26:23,,,,7599,36.1,123,250,73
2024-01-01 20:26:24,,,,7609,36.1,123,250,73
2024-01-01 20:26:25,,,,7619,36.1,123,250,70
2024-01-01 20:26:26,,,,7629,36.1,123,250,70
2024-01-01 20:26:27,,,,7639,36.2,125,250,70
2024-01-01 20:26:28,,,,7649,36.2,122,250,74
2024-01-01 20:26:29,,,,7659,36.2,126,250,72
2024-01-01 20:26:30,,,,7670,36.2,124,250,72
2024-01-01 20:26:31,,,,7680,36.2,122,250,85
2024-01-01 20:26:32,,,,7690,36.2,124,250,82
2024-01-01 20:26:33,,,,7700,36.3,125,250,82
2024-01-01 20:26:34,,,,7710,36.3,125,250,82
2024-01-01 20:26:35,,,,7720,36.3,125,250,80
2024-01-01 20:26:36,,,,7730,36.3,125,250,80
2024-01-01 20:26:37,,,,7740,36.3,124,250,77
2024-01-01 20:26:38,,,,7750,36.3,124,250,78
2024-01-01 20:26:39,,,,7760,36.3,125,250,78
2024-01-01 20:26:40,,,,7770,36.3,124,250,77
2024-01-01 20:26:41,,,,7780,36.3,124,250,75
2024-01-01 20:26:42,,,,7791,36.4,125,250,75
2024-01-01 20:26:43,,,,7801,36.4,125,250,76
2024-01-01 20:26:44,,,,7811,36.4,125,250,76
2024-01-01 20:26:45,,,,7821,36.4,125,250,76
2024-01-01 20:26:46,,,,7831,36.4,123,250,74
2024-01-01 20:26:47,,,,7841,36.4,127,250,74
2024-01-01 20:26:48,,,,7851,36.4,125,250,75
2024-01-01 20:26:49,,,,7861,36.4,125,250,73
2024-01-01 20:26:50,,,,7871,36.4,125,250,73
2024-01-01 20:26:51,,,,7881,36.4,125,250,75
2024-01-01 20:26:52,,,,7892,36.4,125,250,76
2024-01-01 20:26:53,,,,7902,36.4,125,250,76
2024-01-01 20:26:54,,,,7912,36.4,123,250,75
2024-01-01 20:26:55,,,,7922,36.4,125,250,75
2024-01-01 20:26:56,,,,7932,36.4,125,250,75
2024-01-01 20:26:57,,,,7942,36.4,125,250,75
2024-01-01 20:26:58,,,,7952,36.4,126,250,75
2024-01-01 20:26:59,,,,7962,36.4,126,250,75
2024-01-01 20:27:00,,,,7973,36.4,126,250,75
2024-01-01 20:27:01,,,,7983,36.4,126,250,75
2024-01-01 20:27:02,,,,7993,36.4,126,250,74
2024-01-01 20:27:03,,,,8003,36.4,126,250,74
2024-01-01 20:27:04,,,,8013,36.4,126,250,76
2024-01-01 20:27:05,,,,8023,36.4,126,250,75
2024-01-01 20:27:06,,,,8033,36.4,126,250,75
2024-01-01 20:27:07,,,,8043,36.4,126,250,75
2024-01-01 20:27:08,,,,8054,36.4,126,250,73
2024-01-01 20:27:09,,,,8064,36.5,126,250,73
2024-01-01 20:27:10,,,,8074,36.5,126,250,75
2024-01-01 20:27:11,,,,8084,36.5,126,250,75
2024-01-01 20:27:12,,,,8094,36.5,126,250,73
2024-01-01 20:27:13,,,,8104,36.5,126,250,74
2024-01-01 20:27:14,,,,8114,36.5,126,250,74
2024-01-01 20:27:15,,,,8124,36.5,127,250,75
2024-01-01 20:27:16,,,,8135,36.5,126,250,75
2024-01-01 20:27:17,,,,8145,36.5,126,250,75
2024-01-01 20:27:18,,,,8155,36.5,126,250,79
2024-01-01 20:27:19,,,,8165,36.5,126,250,78
2024-01-01 20:27:20,,,,8175,36.5,125,250,78
2024-01-01 20:27:21,,,,8185,36.5,127,250,79
2024-01-01 20:27:22,,,,8195,36.5,127,250,80
2024-01-01 20:27:23,,,,8205,36.5,127,250,80
2024-01-01 20:27:24,,,,8216,36.5,127,250,77
2024-01-01 20:27:25,,,,8226,36.5,125,250,76
2024-01-01 20:27:26,,,,8236,36.5,126,250,76
2024-01-01 20:27:27,,,,8246,36.5,126,250,74
2024-01-01 20:27:28,,,,8256,36.5,126,250,75
2024-01-01 20:27:29,,,,8266,36.5,126,250,75
2024-01-01 20:27:30,,,,8276,36.5,127,250,75
2024-01-01 20:27:31,,,,8286,36.5,127,250,76
2024-01-01 20:27:32,,,,8297,36.5,127,250,77
2024-01-01 20:27:33,,,,8307,36.5,126,250,77
2024-01-01 20:27:34,,,,8317,36.5,127,250,73
2024-01-01 20:27:35,,,,8327,36.5,127,250,73
2024-01-01 20:27:36,,,,8337,36.5,127,250,73
2024-01-01 20:27:37,,,,8347,36.5,127,250,72
2024-01-01 20:27:38,,,,8357,36.5,127,250,72
2024-01-01 20:27:39,,,,8368,36.5,127,250,72
2024-01-01 20:27:40,,,,8378,36.5,127,250,73
2024-01-01 20:27:41,,,,8388,36.5,127,250,73
2024-01-01 20:27:42,,,,8398,36.5,127,250,77
2024-01-01 20:27:43,,,,8408,36.5,127,250,71
2024-01-01 20:27:44,,,,8418,36.5,128,250,71
2024-01-01 20:27:45,,,,8428,36.5,128,250,70
2024-01-01 20:27:46,,,,8438,36.5,127,250,70
2024-01-01 20:27:47,,,,8449,36.5,127,250,70
2024-01-01 20:27:48,,,,8459,36.5,127,250,70
2024-01-01 20:27:49,,,,8469,36.5,127,250,70
2024-01-01 20:27:50,,,,8479,36.5,124,250,68
2024-01-01 20:27:51,,,,8489,36.5,126,250,68
2024-01-01 20:27:52,,,,8499,36.5,125,250,68
2024-01-01 20:27:53,,,,8509,36.5,127,250,68
2024-01-01 20:27:54,,,,8519,36.5,125,250,72
2024-01-01 20:27:55,,,,8530,36.5,127,250,72
2024-01-01 20:27:56,,,,8540,36.5,127,250,72
2024-01-01 20:27:57,,,,8550,36.5,127,250,72
2024-01-01 20:27:58,,,,8560,36.5,126,250,71
2024-01-01 20:27:59,,,,8570,36.5,129,250,71
2024-01-01 20:28:00,,,,8580,36.5,127,250,71
2024-01-01 20:28:01,,,,8590,36.5,127,245,70
2024-01-01 20:28:02,,,,8601,36.4,127,235,70
2024-01-01 20:28:03,,,,8611,36.3,127,220,70
2024-01-01 20:28:04,,,,8621,36.2,127,205,67
2024-01-01 20:28:05,,,,8631,36.0,127,200,67
2024-01-01 20:28:06,,,,8641,35.9,127,200,69
2024-01-01 20:28:07,,,,8651,35.8,128,200,70
2024-01-01 20:28:08,,,,8660,35.6,128,200,70
2024-01-01 20:28:09,,,,8670,35.5,126,200,66
2024-01-01 20:28:10,,,,8680,35.4,128,200,66
2024-01-01 20:28:11,,,,8690,35.3,127,200,65
2024-01-01 20:28:12,,,,8700,35.2,127,200,65
2024-01-01 20:28:13,,,,8709,35.1,128,200,65
2024-01-01 20:28:14,,,,8719,35.0,128,200,65
2024-01-01 20:28:15,,,,8729,34.9,128,200,66
2024-01-01 20:28:16,,,,8739,34.9,129,200,68
2024-01-01 20:28:17,,,,8748,34.8,129,200,68
2024-01-01 20:28:18,,,,8758,34.7,128,200,67
2024-01-01 20:28:19,,,,8768,34.7,128,200,67
2024-01-01 20:28:20,,,,8777,34.6,128,200,67
2024-01-01 20:28:21,,,,8787,34.5,128,200,67
2024-01-01 20:28:22,,,,8796,34.5,128,200,67
2024-01-01 20:28:23,,,,8806,34.4,128,200,67
2024-01-01 20:28:24,,,,8815,34.4,129,200,66
2024-01-01 20:28:25,,,,8825,34.3,129,200,66
2024-01-01 20:28:26,,,,8835,34.3,129,200,66
2024-01-01 20:28:27,,,,8844,34.3,129,200,66
2024-01-01 20:28:28,,,,8854,34.2,126,200,63
2024-01-01 20:28:29,,,,8863,34.2,130,200,64
2024-01-01 20:28:30,,,,8873,34.2,129,200,64
2024-01-01 20:28:31,,,,8882,34.1,127,200,61
2024-01-01 20:28:32,,,,8891,34.1,127,200,61
2024-01-01 20:28:33,,,,8901,34.1,128,200,61
2024-01-01 20:28:34,,,,8910,34.0,128,200,61
2024-01-01 20:28:35,,,,8920,34.0,129,200,61
2024-01-01 20:28:36,,,,8929,34.0,131,200,61
2024-01-01 20:28:37,,,,8939,34.0,128,200,61
2024-01-01 20:28:38,,,,8948,33.9,129,200,61
2024-01-01 20:28:39,,,,8958,33.9,128,200,61
2024-01-01 20:28:40,,,,8967,33.9,128,200,61
2024-01-01 20:28:41,,,,8976,33.9,128,200,60
2024-01-01 20:28:42,,,,8986,33.9,128,200,60
2024-01-01 20:28:43,,,,8995,33.8,127,200,61
2024-01-01 20:28:44,,,,9005,33.8,127,200,61
2024-01-01 20:28:45,,,,9014,33.8,127,200,63
2024-01-01 20:28:46,,,,9023,33.8,127,200,64
2024-01-01 20:28:47,,,,9033,33.8,127,200,64
2024-01-01 20:28:48,,,,9042,33.8,127,200,64
2024-01-01 20:28:49,,,,9052,33.8,127,200,62
2024-01-01 20:28:50,,,,9061,33.8,127,200,62
2024-01-01 20:28:51,,,,9070,33.7,125,200,63
2024-01-01 20:28:52,,,,9080,33.7,127,200,62
2024-01-01 20:28:53,,,,9089,33.7,127,200,62
2024-01-01 20:28:54,,,,9098,33.7,127,200,62
2024-01-01 20:28:55,,,,9108,33.7,127,200,62
2024-01-01 20:28:56,,,,9117,33.7,127,200,61
2024-01-01 20:28:57,,,,9126,33.7,127,200,61
2024-01-01 20:28:58,,,,9136,33.7,127,200,61
2024-01-01 20:28:59,,,,9145,33.7,127,200,61
2024-01-01 20:29:00,,,,9155,33.7,128,200,62
2024-01-01 20:29:01,,,,9164,33.7,127,200,62
2024-01-01 20:29:02,,,,9173,33.7,128,200,61
2024-01-01 20:29:03,,,,9183,33.7,127,200,61
2024-01-01 20:29:04,,,,9192,33.7,127,200,63
2024-01-01 20:29:05,,,,9201,33.6,127,200,63
2024-01-01 20:29:06,,,,9211,33.6,127,200,61
2024-01-01 20:29:07,,,,9220,33.6,127,200,61
2024-01-01 20:29:08,,,,9229,33.6,127,200,60
2024-01-01 20:29:09,,,,9239,33.6,127,200,60
2024-01-01 20:29:10,,,,9248,33.6,127,200,61
2024-01-01 20:29:11,,,,9257,33.6,127,200,61
2024-01-01 20:29:12,,,,9267,33.6,126,200,59
2024-01-01 20:29:13,,,,9276,33.6,127,200,65
2024-01-01 20:29:14,,,,9285,33.6,126,200,65
2024-01-01 20:29:15,,,,9295,33.6,128,200,65
2024-01-01 20:29:16,,,,9304,33.6,126,200,67
2024-01-01 20:29:17,,,,9313,33.6,127,200,68
2024-01-01 20:29:18,,,,9323,33.6,127,200,68
2024-01-01 20:29:19,,,,9332,33.6,127,200,69
2024-01-01 20:29:20,,,,9341,33.6,127,200,69
2024-01-01 20:29:21,,,,9351,33.6,127,200,66
2024-01-01 20:29:22,,,,9360,33.6,127,200,66
2024-01-01 20:29:23,,,,9369,33.6,127,200,66
2024-01-01 20:29:24,,,,9379,33.6,127,200,66
2024-01-01 20:29:25,,,,9388,33.6,128,200,66
2024-01-01 20:29:26,,,,9397,33.6,129,200,67
2024-01-01 20:29:27,,,,9407,33.6,129,200,67
2024-01-01 20:29:28,,,,9416,33.6,129,200,67
2024-01-01 20:29:29,,,,9425,33.6,128,200,67
2024-01-01 20:29:30,,,,9435,33.6,128,200,66
2024-01-01 20:29:31,,,,9444,33.6,128,200,64
2024-01-01 20:29:32,,,,9453,33.6,126,200,64
2024-01-01 20:29:33,,,,9463,33.6,128,200,64
2024-01-01 20:29:34,,,,9472,33.6,127,200,68
2024-01-01 20:29:35,,,,9481,33.6,126,200,65
2024-01-01 20:29:36,,,,9491,33.6,127,200,65
2024-01-01 20:29:37,,,,9500,33.6,127,200,67
2024-01-01 20:29:38,,,,9509,33.6,127,200,67
2024-01-01 20:29:39,,,,9519,33.6,127,200,69
2024-01-01 20:29:40,,,,9528,33.6,126,200,66
2024-01-01 20:29:41,,,,9537,33.6,128,200,66
2024-01-01 20:29:42,,,,9547,33.6,126,200,66
2024-01-01 20:29:43,,,,9556,33.6,126,200,67
2024-01-01 20:29:44,,,,9565,33.6,126,200,67
2024-01-01 20:29:45,,,,9575,33.6,126,200,67
2024-01-01 20:29:46,,,,9584,33.6,126,200,66
2024-01-01 20:29:47,,,,9593,33.6,126,200,66
2024-01-01 20:29:48,,,,9603,33.6,126,200,66
2024-01-01 20:29:49,,,,9612,33.6,126,200,68
2024-01-01 20:29:50,,,,9621,33.6,126,200,68
2024-01-01 20:29:51,,,,9631,33.6,127,200,68
2024-01-01 20:29:52,,,,9640,33.6,126,200,68
2024-01-01 20:29:53,,,,9649,33.6,126,200,66
2024-01-01 20:29:54,,,,9659,33.6,126,200,66
2024-01-01 20:29:55,,,,9668,33.6,125,200,70
2024-01-01 20:29:56,,,,9677,33.6,126,200,72
2024-01-01 20:29:57,,,,9687,33.6,126,200,72
2024-01-01 20:29:58,,,,9696,33.6,126,200,70
2024-01-01 20:29:59,,,,9705,33.6,126,200,70
2024-01-01 20:30:00,,,,9714,33.6,126,200,68
2024-01-01 20:30:01,,,,9724,33.6,126,200,71
2024-01-01 20:30:02,,,,9733,33.6,126,200,71
2024-01-01 20:30:03,,,,9742,33.6,126,195,71
2024-01-01 20:30:04,,,,9752,33.5,126,170,71
2024-01-01 20:30:05,,,,9761,33.3,126,165,71
2024-01-01 20:30:06,,,,9770,33.2,126,160,71
2024-01-01 20:30:07,,,,9779,33.0,126,150,72
2024-01-01 20:30:08,,,,9789,32.9,126,150,76
2024-01-01 20:30:09,,,,9798,32.8,126,150,76
2024-01-01 20:30:10,,,,9807,32.6,122,150,77
2024-01-01 20:30:11,,,,9816,32.5,126,150,76
2024-01-01 20:30:12,,,,9825,32.4,127,150,76
2024-01-01 20:30:13,,,,9834,32.3,126,150,76
2024-01-01 20:30:14,,,,9843,32.1,126,150,76
2024-01-01 20:30:15,,,,9852,32.0,126,150,76
2024-01-01 20:30:16,,,,9860,31.9,126,150,77
2024-01-01 20:30:17,,,,9869,31.8,126,150,78
2024-01-01 20:30:18,,,,9878,31.8,126,150,78
2024-01-01 20:30:19,,,,9887,31.7,126,150,77
2024-01-01 20:30:20,,,,9896,31.6,125,150,78
2024-01-01 20:30:21,,,,9904,31.5,126,150,78
2024-01-01 20:30:22,,,,9913,31.4,126,150,78
2024-01-01 20:30:23,,,,9922,31.4,125,150,78
2024-01-01 20:30:24,,,,9931,31.3,125,150,77
2024-01-01 20:30:25,,,,9939,31.2,125,150,76
2024-01-01 20:30:26,,,,9948,31.2,125,150,76
2024-01-01 20:30:27,,,,9957,31.1,125,150,78
2024-01-01 20:30:28,,,,9965,31.1,124,150,79
2024-01-01 20:30:29,,,,9974,31.0,125,150,79
2024-01-01 20:30:30,,,,9982,31.0,125,150,79
2024-01-01 20:30:31,,,,9991,30.9,123,150,80
2024-01-01 20:30:32,,,,10000,30.9,122,150,80
2024-01-01 20:30:33,,,,10008,30.9,122,150,80
2024-01-01 20:30:34,,,,10017,30.8,122,150,78
2024-01-01 20:30:35,,,,10025,30.8,122,150,78
2024-01-01 20:30:36,,,,10034,30.7,122,150,78
2024-01-01 20:30:37,,,,10042,30.7,122,150,78
2024-01-01 20:30:38,,,,10051,30.7,122,150,78
2024-01-01 20:30:39,,,,10059,30.7,122,150,78
2024-01-01 20:30:40,,,,10068,30.6,124,150,80
2024-01-01 20:30:41,,,,10076,30.6,122,150,80
2024-01-01 20:30:42,,,,10085,30.6,122,150,78
2024-01-01 20:30:43,,,,10093,30.5,122,150,78
2024-01-01 20:30:44,,,,10102,30.5,122,150,78
2024-01-01 20:30:45,,,,10110,30.5,122,150,78
2024-01-01 20:30:46,,,,10119,30.5,122,150,76
2024-01-01 20:30:47,,,,10127,30.5,122,150,77
2024-01-01 20:30:48,,,,10136,30.4,122,150,77
2024-01-01 20:30:49,,,,10144,30.4,121,150,78
2024-01-01 20:30:50,,,,10153,30.4,121,150,79
2024-01-01 20:30:51,,,,10161,30.4,121,150,79
2024-01-01 20:30:52,,,,10169,30.4,120,150,80
2024-01-01 20:30:53,,,,10178,30.4,120,150,79
2024-01-01 20:30:54,,,,10186,30.4,120,150,79
2024-01-01 20:30:55,,,,10195,30.3,120,150,79
2024-01-01 20:30:56,,,,10203,30.3,120,150,80
2024-01-01 20:30:57,,,,10212,30.3,120,150,80
2024-01-01 20:30:58,,,,10220,30.3,121,150,79
2024-01-01 20:30:59,,,,10228,30.3,121,150,79
2024-01-01 20:31:00,,,,10237,30.3,121,150,79
2024-01-01 20:31:01,,,,10245,30.3,121,150,79
2024-01-01 20:31:02,,,,10254,30.3,121,150,80
2024-01-01 20:31:03,,,,10262,30.3,121,150,80
2024-01-01 20:31:04,,,,10270,30.3,122,150,82
2024-01-01 20:31:05,,,,10279,30.2,121,150,81
2024-01-01 20:31:06,,,,10287,30.2,121,150,81
2024-01-01 20:31:07,,,,10296,30.2,121,150,81
2024-01-01 20:31:08,,,,10304,30.2,121,150,82
2024-01-01 20:31:09,,,,10312,30.2,121,150,82
2024-01-01 20:31:10,,,,10321,30.2,121,150,81
2024-01-01 20:31:11,,,,10329,30.2,121,150,82
2024-01-01 20:31:12,,,,10338,30.2,121,150,82
2024-01-01 20:31:13,,,,10346,30.2,121,150,82
2024-01-01 20:31:14,,,,10354,30.2,121,150,82
2024-01-01 20:31:15,,,,10363,30.2,121,150,81
2024-01-01 20:31:16,,,,10371,30.2,120,150,81
2024-01-01 20:31:17,,,,10380,30.2,120,150,81
2024-01-01 20:31:18,,,,10388,30.2,121,150,81
2024-01-01 20:31:19,,,,10396,30.2,121,150,80
2024-01-01 20:31:20,,,,10405,30.2,120,150,80
2024-01-01 20:31:21,,,,10413,30.2,120,150,81
2024-01-01 20:31:22,,,,10421,30.2,120,150,81
2024-01-01 20:31:23,,,,10430,30.2,120,150,82
2024-01-01 20:31:24,,,,10438,30.2,120,150,82
2024-01-01 20:31:25,,,,10447,30.2,119,150,81
2024-01-01 20:31:26,,,,10455,30.2,119,150,81
2024-01-01 20:31:27,,,,10463,30.1,119,150,79
2024-01-01 20:31:28,,,,10472,30.1,119,150,79
2024-01-01 20:31:29,,,,10480,30.1,119,150,79
2024-01-01 20:31:30,,,,10488,30.1,119,150,81
2024-01-01 20:31:31,,,,10497,30.1,119,150,81
2024-01-01 20:31:32,,,,10505,30.1,119,150,81
2024-01-01 20:31:33,,,,10514,30.1,119,150,82
2024-01-01 20:31:34,,,,10522,30.1,119,150,82
2024-01-01 20:31:35,,,,10530,30.1,119,150,80
2024-01-01 20:31:36,,,,10539,30.1,119,150,82
2024-01-01 20:31:37,,,,10547,30.1,119,150,82
2024-01-01 20:31:38,,,,10555,30.1,119,150,82
2024-01-01 20:31:39,,,,10564,30.1,119,150,81
2024-01-01 20:31:40,,,,10572,30.1,119,150,81
2024-01-01 20:31:41,,,,10581,30.1,118,150,82
2024-01-01 20:31:42,,,,10589,30.1,118,150,82
2024-01-01 20:31:43,,,,10597,30.1,118,150,82
2024-01-01 20:31:44,,,,10606,30.1,118,150,85
2024-01-01 20:31:45,,,,10614,30.1,118,150,85
2024-01-01 20:31:46,,,,10622,30.1,118,150,76
2024-01-01 20:31:47,,,,10631,30.1,118,150,82
2024-01-01 20:31:48,,,,10639,30.1,120,150,82
2024-01-01 20:31:49,,,,10647,30.1,119,150,81
2024-01-01 20:31:50,,,,10656,30.1,118,150,80
2024-01-01 20:31:51,,,,10664,30.1,118,150,80
2024-01-01 20:31:52,,,,10673,30.1,117,150,81
2024-01-01 20:31:53,,,,10681,30.1,117,150,81
2024-01-01 20:31:54,,,,10689,30.1,114,150,81
2024-01-01 20:31:55,,,,10698,30.1,116,150,79
2024-01-01 20:31:56,,,,10706,30.1,116,150,80
2024-01-01 20:31:57,,,,10714,30.1,116,150,80
2024-01-01 20:31:58,,,,10723,30.1,117,150,80
2024-01-01 20:31:59,,,,10731,30.1,117,150,80
2024-01-01 20:32:00,,,,10739,30.1,117,150,80
2024-01-01 20:32:01,,,,10748,30.1,117,150,81
2024-01-01 20:32:02,,,,10756,30.1,118,150,80
2024-01-01 20:32:03,,,,10765,30.1,118,150,80
2024-01-01 20:32:04,,,,10773,30.1,117,150,80
2024-01-01 20:32:05,,,,10781,30.1,117,150,80
2024-01-01 20:32:06,,,,10790,30.1,117,150,80
2024-01-01 20:32:07,,,,10798,30.1,117,150,80
2024-01-01 20:32:08,,,,10806,30.1,117,150,82
2024-01-01 20:32:09,,,,10815,30.1,117,150,82
2024-01-01 20:32:10,,,,10823,30.1,117,150,80
2024-01-01 20:32:11,,,,10831,30.1,117,150,80
2024-01-01 20:32:12,,,,10840,30.1,117,150,80
2024-01-01 20:32:13,,,,10848,30.1,117,150,80
2024-01-01 20:32:14,,,,10857,30.1,117,145,82
2024-01-01 20:32:15,,,,10865,30.1,117,140,82
2024-01-01 20:32:16,,,,10873,30.0,117,125,83
2024-01-01 20:32:17,,,,10882,29.8,117,110,83
2024-01-01 20:32:18,,,,10890,29.6,117,105,83
2024-01-01 20:32:19,,,,10898,29.5,117,100,83
2024-01-01 20:32:20,,,,10906,29.3,118,100,84
2024-01-01 20:32:21,,,,10914,29.1,119,100,84
2024-01-01 20:32:22,,,,10922,29.0,119,100,86
2024-01-01 20:32:23,,,,10930,28.8,120,100,82
2024-01-01 20:32:24,,,,10938,28.7,120,100,82
2024-01-01 20:32:25,,,,10946,28.6,120,100,79
2024-01-01 20:32:26,,,,10954,28.4,120,100,81
2024-01-01 20:32:27,,,,10962,28.3,120,100,81
2024-01-01 20:32:28,,,,10970,28.2,120,100,82
2024-01-01 20:32:29,,,,10978,28.1,121,100,81
2024-01-01 20:32:30,,,,10985,28.0,121,100,81
2024-01-01 20:32:31,,,,10993,27.9,121,100,82
2024-01-01 20:32:32,,,,11001,27.8,121,100,83
2024-01-01 20:32:33,,,,11008,27.7,121,100,83
2024-01-01 20:32:34,,,,11016,27.6,120,100,83
2024-01-01 20:32:35,,,,11024,27.5,120,100,82
2024-01-01 20:32:36,,,,11031,27.4,120,100,84
2024-01-01 20:32:37,,,,11039,27.3,121,100,84
2024-01-01 20:32:38,,,,11047,27.3,120,100,85
2024-01-01 20:32:39,,,,11054,27.2,120,100,84
2024-01-01 20:32:40,,,,11062,27.1,120,100,84
2024-01-01 20:32:41,,,,11069,27.1,120,100,84
2024-01-01 20:32:42,,,,11077,27.0,120,100,84
2024-01-01 20:32:43,,,,11084,26.9,120,100,84
2024-01-01 20:32:44,,,,11092,26.9,119,100,82
2024-01-01 20:32:45,,,,11099,26.8,119,100,83
2024-01-01 20:32:46,,,,11106,26.8,119,100,83
2024-01-01 20:32:47,,,,11114,26.7,119,100,82
2024-01-01 20:32:48,,,,11121,26.7,119,100,82
2024-01-01 20:32:49,,,,11129,26.6,119,100,81
2024-01-01 20:32:50,,,,11136,26.6,119,100,81
2024-01-01 20:32:51,,,,11143,26.6,119,100,81
2024-01-01 20:32:52,,,,11151,26.5,118,100,80
2024-01-01 20:32:53,,,,11158,26.5,118,100,79
2024-01-01 20:32:54,,,,11166,26.4,118,100,79
2024-01-01 20:32:55,,,,11173,26.4,118,100,80
2024-01-01 20:32:56,,,,11180,26.4,117,100,81
2024-01-01 20:32:57,,,,11188,26.3,117,100,81
2024-01-01 20:32:58,,,,11195,26.3,117,100,80
2024-01-01 20:32:59,,,,11202,26.3,117,100,81
2024-01-01 20:33:00,,,,11209,26.3,117,100,81
2024-01-01 20:33:01,,,,11217,26.2,116,100,80
2024-01-01 20:33:02,,,,11224,26.2,116,100,80
2024-01-01 20:33:03,,,,11231,26.2,116,100,80
2024-01-01 20:33:04,,,,11239,26.2,116,100,80
2024-01-01 20:33:05,,,,11246,26.1,116,100,81
2024-01-01 20:33:06,,,,11253,26.1,114,100,81
2024-01-01 20:33:07,,,,11260,26.1,115,100,82
2024-01-01 20:33:08,,,,11268,26.1,116,100,82
2024-01-01 20:33:09,,,,11275,26.1,116,100,82
2024-01-01 20:33:10,,,,11282,26.0,113,100,82
2024-01-01 20:33:11,,,,11289,26.0,116,100,82
2024-01-01 20:33:12,,,,11297,26.0,116,100,82
2024-01-01 20:33:13,,,,11304,26.0,116,100,83
2024-01-01 20:33:14,,,,11311,26.0,116,100,85
2024-01-01 20:33:15,,,,11318,26.0,116,100,85
2024-01-01 20:33:16,,,,11325,26.0,116,100,85
2024-01-01 20:33:17,,,,11333,25.9,117,100,84
2024-01-01 20:33:18,,,,11340,25.9,117,100,84
2024-01-01 20:33:19,,,,11347,25.9,117,100,84
2024-01-01 20:33:20,,,,11354,25.9,117,100,82
2024-01-01 20:33:21,,,,11361,25.9,117,100,82
2024-01-01 20:33:22,,,,11369,25.9,114,100,83
2024-01-01 20:33:23,,,,11376,25.9,116,100,83
2024-01-01 20:33:24,,,,11383,25.9,116,100,83
2024-01-01 20:33:25,,,,11390,25.9,116,100,84
2024-01-01 20:33:26,,,,11397,25.9,116,100,83
2024-01-01 20:33:27,,,,11405,25.9,116,100,82
2024-01-01 20:33:28,,,,11412,25.8,116,100,83
2024-01-01 20:33:29,,,,11419,25.8,116,100,83
2024-01-01 20:33:30,,,,11426,25.8,116,100,82
2024-01-01 20:33:31,,,,11433,25.8,116,100,82
2024-01-01 20:33:32,,,,11440,25.8,116,100,83
2024-01-01 20:33:33,,,,11448,25.8,116,100,83
2024-01-01 20:33:34,,,,11455,25.8,115,100,83
2024-01-01 20:33:35,,,,11462,25.8,115,100,84
2024-01-01 20:33:36,,,,11469,25.8,113,100,84
2024-01-01 20:33:37,,,,11476,25.8,116,100,84
2024-01-01 20:33:38,,,,11483,25.8,115,100,82
2024-01-01 20:33:39,,,,11491,25.8,115,100,82
2024-01-01 20:33:40,,,,11498,25.8,117,100,82
2024-01-01 20:33:41,,,,11505,25.8,115,100,82
2024-01-01 20:33:42,,,,11512,25.8,115,100,82
2024-01-01 20:33:43,,,,11519,25.8,114,100,81
2024-01-01 20:33:44,,,,11526,25.8,114,100,82
2024-01-01 20:33:45,,,,11533,25.8,114,100,82
2024-01-01 20:33:46,,,,11541,25.8,115,100,81
2024-01-01 20:33:47,,,,11548,25.8,115,100,81
2024-01-01 20:33:48,,,,11555,25.7,115,100,81
2024-01-01 20:33:49,,,,11562,25.7,115,100,82
2024-01-01 20:33:50,,,,11569,25.7,115,100,81
2024-01-01 20:33:51,,,,11576,25.7,115,100,81
2024-01-01 20:33:52,,,,11584,25.7,115,100,82
2024-01-01 20:33:53,,,,11591,25.7,115,100,81
2024-01-01 20:33:54,,,,11598,25.7,115,100,81
2024-01-01 20:33:55,,,,11605,25.7,115,100,81
2024-01-01 20:33:56,,,,11612,25.7,115,100,80
2024-01-01 20:33:57,,,,11619,25.7,115,100,80
2024-01-01 20:33:58,,,,11626,25.7,115,100,80
2024-01-01 20:33:59,,,,11634,25.7,115,100,82
2024-01-01 20:34:00,,,,11641,25.7,115,100,82
2024-01-01 20:34:01,,,,11648,25.7,114,100,81
2024-01-01 20:34:02,,,,11655,25.7,114,100,81
2024-01-01 20:34:03,,,,11662,25.7,114,100,81
2024-01-01 20:34:04,,,,11669,25.7,114,100,82
2024-01-01 20:34:05,,,,11676,25.7,114,100,81
2024-01-01 20:34:06,,,,11684,25.7,114,100,81
2024-01-01 20:34:07,,,,11691,25.7,114,100,79
2024-01-01 20:34:08,,,,11698,25.7,115,100,80
2024-01-01 20:34:09,,,,11705,25.7,115,100,80
2024-01-01 20:34:10,,,,11712,25.7,114,100,80
2024-01-01 20:34:11,,,,11719,25.7,115,100,81
2024-01-01 20:34:12,,,,11726,25.7,115,100,81
2024-01-01 20:34:13,,,,11734,25.7,115,100,81
2024-01-01 20:34:14,,,,11741,25.7,116,100,81
2024-01-01 20:34:15,,,,11748,25.7,115,100,81
2024-01-01 20:34:16,,,,11755,25.7,115,100,80
2024-01-01 20:34:17,,,,11762,25.7,115,100,80
2024-01-01 20:34:18,,,,11769,25.7,115,100,80
2024-01-01 20:34:19,,,,11776,25.7,115,100,80
2024-01-01 20:34:20,,,,11784,25.7,115,100,80
2024-01-01 20:34:21,,,,11791,25.7,115,100,80
2024-01-01 20:34:22,,,,11798,25.7,115,100,83
2024-01-01 20:34:23,,,,11805,25.7,112,100,82
2024-01-01 20:34:24,,,,11812,25.7,115,100,82
2024-01-01 20:34:25,,,,11819,25.7,115,100,81
2024-01-01 20:34:26,,,,11826,25.7,115,100,84
2024-01-01 20:34:27,,,,11834,25.7,115,100,84
2024-01-01 20:34:28,,,,11841,25.7,115,100,80
2024-01-01 20:34:29,,,,11848,25.7,115,100,81
2024-01-01 20:34:30,,,,11855,25.7,115,100,81
2024-01-01 20:34:31,,,,11862,25.7,116,100,80
2024-01-01 20:34:32,,,,11869,25.7,115,100,79
2024-01-01 20:34:33,,,,11876,25.7,115,100,79
2024-01-01 20:34:34,,,,11883,25.7,115,100,80
2024-01-01 20:34:35,,,,11891,25.6,115,80,82
2024-01-01 20:34:36,,,,11898,25.5,115,75,82
2024-01-01 20:34:37,,,,11905,25.4,112,70,81
2024-01-01 20:34:38,,,,11912,25.2,112,55,81
2024-01-01 20:34:39,,,,11919,24.9,112,50,81
2024-01-01 20:34:40,,,,11925,24.7,115,50,82
2024-01-01 20:34:41,,,,11932,24.5,113,50,83
2024-01-01 20:34:42,,,,11939,24.4,112,50,83
2024-01-01 20:34:43,,,,11946,24.2,113,50,79
2024-01-01 20:34:44,,,,11952,24.0,113,50,78
2024-01-01 20:34:45,,,,11959,23.8,114,50,78
2024-01-01 20:34:46,,,,11966,23.7,114,50,79
2024-01-01 20:34:47,,,,11972,23.5,114,50,78
2024-01-01 20:34:48,,,,11979,23.3,114,50,78
2024-01-01 20:34:49,,,,11985,23.2,114,50,76
2024-01-01 20:34:50,,,,11992,23.1,114,50,75
2024-01-01 20:34:51,,,,11998,22.9,114,50,75
2024-01-01 20:34:52,,,,12004,22.8,115,50,76
2024-01-01 20:34:53,,,,12010,22.7,114,50,78
2024-01-01 20:34:54,,,,12017,22.5,114,50,78
2024-01-01 20:34:55,,,,12023,22.4,113,50,78
2024-01-01 20:34:56,,,,12029,22.3,113,50,78
2024-01-01 20:34:57,,,,12035,22.2,111,50,78
2024-01-01 20:34:58,,,,12041,22.1,113,50,79
2024-01-01 20:34:59,,,,12048,22.0,113,50,81
2024-01-01 20:35:00,,,,12054,21.9,113,50,81
2024-01-01 20:35:01,,,,12060,21.8,113,50,80
2024-01-01 20:35:02,,,,12066,21.7,113,50,80
2024-01-01 20:35:03,,,,12072,21.6,113,50,80
2024-01-01 20:35:04,,,,12078,21.5,111,50,80
2024-01-01 20:35:05,,,,12084,21.4,113,50,81
2024-01-01 20:35:06,,,,12090,21.3,113,50,81
2024-01-01 20:35:07,,,,12095,21.3,113,50,80
2024-01-01 20:35:08,,,,12101,21.2,113,50,80
2024-01-01 20:35:09,,,,12107,21.1,113,50,80
2024-01-01 20:35:10,,,,12113,21.1,113,50,80
2024-01-01 20:35:11,,,,12119,21.0,113,50,79
2024-01-01 20:35:12,,,,12125,20.9,113,50,79
2024-01-01 20:35:13,,,,12131,20.9,113,50,79
2024-01-01 20:35:14,,,,12136,20.8,113,50,79
2024-01-01 20:35:15,,,,12142,20.7,113,50,79
2024-01-01 20:35:16,,,,12148,20.7,113,50,81
2024-01-01 20:35:17,,,,12154,20.6,113,50,83
2024-01-01 20:35:18,,,,12159,20.6,113,50,83
2024-01-01 20:35:19,,,,12165,20.5,113,50,87
2024-01-01 20:35:20,,,,12171,20.5,113,50,84
2024-01-01 20:35:21,,,,12176,20.4,113,50,84
2024-01-01 20:35:22,,,,12182,20.4,114,50,80
2024-01-01 20:35:23,,,,12188,20.3,114,50,80
2024-01-01 20:35:24,,,,12193,20.3,114,50,80
2024-01-01 20:35:25,,,,12199,20.3,114,50,80
2024-01-01 20:35:26,,,,12205,20.2,114,50,81
2024-01-01 20:35:27,,,,12210,20.2,114,50,81
2024-01-01 20:35:28,,,,12216,20.2,114,50,81
2024-01-01 20:35:29,,,,12221,20.1,114,50,82
2024-01-01 20:35:30,,,,12227,20.1,114,50,82
2024-01-01 20:35:31,,,,12232,20.1,114,50,79
2024-01-01 20:35:32,,,,12238,20.0,114,50,79
2024-01-01 20:35:33,,,,12244,20.0,114,50,79
2024-01-01 20:35:34,,,,12249,20.0,114,50,80
2024-01-01 20:35:35,,,,12255,19.9,114,50,81
2024-01-01 20:35:36,,,,12260,19.9,114,50,81
2024-01-01 20:35:37,,,,12266,19.9,114,50,82
2024-01-01 20:35:38,,,,12271,19.9,113,50,82
2024-01-01 20:35:39,,,,12277,19.8,113,50,82
2024-01-01 20:35:40,,,,12282,19.8,113,50,80
2024-01-01 20:35:41,,,,12288,19.8,114,50,81
2024-01-01 20:35:42,,,,12293,19.8,112,50,81
2024-01-01 20:35:43,,,,12299,19.7,110,50,81
2024-01-01 20:35:44,,,,12304,19.7,112,50,81
2024-01-01 20:35:45,,,,12310,19.7,112,50,81
2024-01-01 20:35:46,,,,12315,19.7,112,50,81
2024-01-01 20:35:47,,,,12321,19.7,112,50,78
2024-01-01 20:35:48,,,,12326,19.7,112,50,78
2024-01-01 20:35:49,,,,12332,19.6,112,50,78
2024-01-01 20:35:50,,,,12337,19.6,113,50,78
2024-01-01 20:35:51,,,,12342,19.6,112,50,78
2024-01-01 20:35:52,,,,12348,19.6,112,50,78
2024-01-01 20:35:53,,,,12353,19.6,112,50,79
2024-01-01 20:35:54,,,,12359,19.6,112,50,79
2024-01-01 20:35:55,,,,12364,19.5,112,50,78
2024-01-01 20:35:56,,,,12370,19.5,112,50,81
2024-01-01 20:35:57,,,,12375,19.5,112,50,81
2024-01-01 20:35:58,,,,12380,19.5,112,50,82
2024-01-01 20:35:59,,,,12386,19.4,112,35,83
2024-01-01 20:36:00,,,,12391,19.3,112,30,83
2024-01-01 20:36:01,,,,12396,19.1,112,20,81
2024-01-01 20:36:02,,,,12402,18.9,112,15,76
2024-01-01 20:36:03,,,,12407,18.7,112,15,76
2024-01-01 20:36:04,,,,12412,18.4,112,10,76
2024-01-01 20:36:05,,,,12417,18.2,111,10,75
2024-01-01 20:36:06,,,,12422,18.0,111,10,75
2024-01-01 20:36:07,,,,12427,17.8,111,10,66
2024-01-01 20:36:08,,,,12432,17.5,110,10,66
2024-01-01 20:36:09,,,,12437,17.3,110,10,61
2024-01-01 20:36:10,,,,12441,17.1,110,10,61
2024-01-01 20:36:11,,,,12446,16.9,110,10,64
2024-01-01 20:36:12,,,,12451,16.7,110,10,64
2024-01-01 20:36:13,,,,12455,16.5,110,10,67
2024-01-01 20:36:14,,,,12460,16.3,105,10,66
2024-01-01 20:36:15,,,,12464,16.2,105,10,66
2024-01-01 20:36:16,,,,12469,16.0,105,10,66
2024-01-01 20:36:17,,,,12473,15.8,105,10,65
2024-01-01 20:36:18,,,,12478,15.6,105,10,66
2024-01-01 20:36:19,,,,12482,15.5,105,10,66
2024-01-01 20:36:20,,,,12486,15.3,106,10,68
2024-01-01 20:36:21,,,,12490,15.1,106,10,68
2024-01-01 20:36:22,,,,12494,15.0,107,10,67
2024-01-01 20:36:23,,,,12499,14.8,107,10,69
2024-01-01 20:36:24,,,,12503,14.7,107,10,69
2024-01-01 20:36:25,,,,12507,14.5,105,10,70
2024-01-01 20:36:26,,,,12511,14.4,108,10,70
2024-01-01 20:36:27,,,,12515,14.2,107,10,70
2024-01-01 20:36:28,,,,12519,14.1,107,10,70
2024-01-01 20:36:29,,,,12522,14.0,107,10,71
2024-01-01 20:36:30,,,,12526,13.8,107,10,71
2024-01-01 20:36:31,,,,12530,13.7,107,10,71
2024-01-01 20:36:32,,,,12534,13.6,107,10,71
2024-01-01 20:36:33,,,,12538,13.4,107,10,71
2024-01-01 20:36:34,,,,12541,13.3,107,10,71
2024-01-01 20:36:35,,,,12545,13.2,107,10,70
2024-01-01 20:36:36,,,,12549,13.1,107,10,70
2024-01-01 20:36:37,,,,12552,13.0,108,10,70
2024-01-01 20:36:38,,,,12556,12.8,109,10,70
2024-01-01 20:36:39,,,,12559,12.7,108,10,70
2024-01-01 20:36:40,,,,12563,12.6,108,10,70
2024-01-01 20:36:41,,,,12566,12.5,108,10,60
2024-01-01 20:36:42,,,,12570,12.4,108,10,60
2024-01-01 20:36:43,,,,12573,12.3,108,10,60
2024-01-01 20:36:44,,,,12577,12.2,108,10,46
2024-01-01 20:36:45,,,,12580,12.1,108,10,46
2024-01-01 20:36:46,,,,12583,12.0,107,10,57
2024-01-01 20:36:47,,,,12587,11.9,107,10,59
2024-01-01 20:36:48,,,,12590,11.8,107,10,59
2024-01-01 20:36:49,,,,12593,11.8,108,10,59
2024-01-01 20:36:50,,,,12596,11.7,108,10,60
2024-01-01 20:36:51,,,,12600,11.6,108,10,63
2024-01-01 20:36:52,,,,12603,11.5,108,10,63
2024-01-01 20:36:53,,,,12606,11.4,109,10,59
2024-01-01 20:36:54,,,,12609,11.3,107,10,59
2024-01-01 20:36:55,,,,12612,11.3,109,10,61
2024-01-01 20:36:56,,,,12615,11.2,109,10,61
2024-01-01 20:36:57,,,,12618,11.1,109,10,61
2024-01-01 20:36:58,,,,12621,11.0,109,10,58
2024-01-01 20:36:59,,,,12624,11.0,109,10,56
2024-01-01 20:37:00,,,,12628,10.9,109,10,56
2024-01-01 20:37:01,,,,12631,10.8,109,10,56
2024-01-01 20:37:02,,,,12634,10.7,108,10,40
2024-01-01 20:37:03,,,,12636,10.7,108,10,40
2024-01-01 20:37:04,,,,12639,10.6,108,10,40
2024-01-01 20:37:05,,,,12642,10.5,107,10,42
2024-01-01 20:37:06,,,,12645,10.5,107,10,42
2024-01-01 20:37:07,,,,12648,10.4,106,10,42
2024-01-01 20:37:08,,,,12651,10.4,106,10,49
2024-01-01 20:37:09,,,,12654,10.3,105,10,49
2024-01-01 20:37:10,,,,12657,10.2,105,10,51
2024-01-01 20:37:11,,,,12660,10.2,105,10,51
2024-01-01 20:37:12,,,,12662,10.1,105,10,51
2024-01-01 20:37:13,,,,12665,10.1,105,10,45
2024-01-01 20:37:14,,,,12668,10.0,105,10,45
2024-01-01 20:37:15,,,,12671,10.0,105,10,45
2024-01-01 20:37:16,,,,12674,9.9,105,10,45
2024-01-01 20:37:17,,,,12676,9.9,104,10,32
2024-01-01 20:37:18,,,,12679,9.8,104,10,32
2024-01-01 20:37:19,,,,12682,9.8,104,10,43
2024-01-01 20:37:20,,,,12684,9.7,104,10,43
2024-01-01 20:37:21,,,,12687,9.7,104,10,43
2024-01-01 20:37:22,,,,12690,9.7,104,10,51
2024-01-01 20:37:23,,,,12692,9.6,104,10,52
2024-01-01 20:37:24,,,,12695,9.6,103,10,52
2024-01-01 20:37:25,,,,12698,9.5,104,10,52
2024-01-01 20:37:26,,,,12700,9.5,104,10,55
2024-01-01 20:37:27,,,,12703,9.5,104,10,55
2024-01-01 20:37:28,,,,12706,9.4,103,10,56
2024-01-01 20:37:29,,,,12708,9.4,104,10,56
2024-01-01 20:37:30,,,,12711,9.3,104,10,57
2024-01-01 20:37:31,,,,12713,9.3,104,10,57
2024-01-01 20:37:32,,,,12716,9.3,104,10,58
2024-01-01 20:37:33,,,,12719,9.2,104,10,58
2024-01-01 20:37:34,,,,12721,9.2,104,10,59
2024-01-01 20:37:35,,,,12724,9.2,104,10,59
2024-01-01 20:37:36,,,,12726,9.1,104,10,58
2024-01-01 20:37:37,,,,12729,9.1,104,10,58
2024-01-01 20:37:38,,,,12731,9.1,104,10,58
2024-01-01 20:37:39,,,,12734,9.1,104,10,58
2024-01-01 20:37:40,,,,12736,9.0,102,10,58
2024-01-01 20:37:41,,,,12739,9.0,104,10,58
2024-01-01 20:37:42,,,,12741,9.0,104,10,58
2024-01-01 20:37:43,,,,12744,8.9,104,10,58
2024-01-01 20:37:44,,,,12746,8.9,103,10,58
2024-01-01 20:37:45,,,,12749,8.9,103,10,58
2024-01-01 20:37:46,,,,12751,8.9,103,10,58
2024-01-01 20:37:47,,,,12754,8.8,102,10,0
2024-01-01 20:37:48,,,,12756,8.8,101,10,0
2024-01-01 20:37:49,,,,12759,8.8,101,10,0
2024-01-01 20:37:50,,,,12761,8.8,101,10,0
2024-01-01 20:37:51,,,,12763,8.8,103,10,31
2024-01-01 20:37:52,,,,12766,8.7,102,10,31
2024-01-01 20:37:53,,,,12768,8.7,102,10,31
2024-01-01 20:37:54,,,,12771,8.7,100,10,31
2024-01-01 20:37:55,,,,12773,8.7,100,10,36
2024-01-01 20:37:56,,,,12776,8.7,101,10,36
2024-01-01 20:37:57,,,,12778,8.6,100,10,36
2024-01-01 20:37:58,,,,12780,8.6,101,10,35
2024-01-01 20:37:59,,,,12783,8.6,101,10,35
2024-01-01 20:38:00,,,,12785,8.6,101,10,35
2024-01-01 20:38:01,,,,12787,8.6,101,10,35
2024-01-01 20:38:02,,,,12790,8.6,101,10,34
2024-01-01 20:38:03,,,,12792,8.5,101,10,34
2024-01-01 20:38:04,,,,12795,8.5,101,10,41
2024-01-01 20:38:05,,,,12797,8.5,100,10,41
2024-01-01 20:38:06,,,,12799,8.5,102,10,41
2024-01-01 20:38:07,,,,12802,8.5,102,10,41
2024-01-01 20:38:08,,,,12804,8.5,102,10,41
2024-01-01 20:38:09,,,,12806,8.5,102,10,41
2024-01-01 20:38:10,,,,12809,8.3,0,0,0
2024-01-01 20:38:11,,,,12811,8.1,0,0,0
2024-01-01 20:38:12,,,,12813,8.0,0,0,0
2024-01-01 20:38:13,,,,12815,7.8,0,0,0
2024-01-01 20:38:14,,,,12817,7.7,0,0,0
2024-01-01 20:38:15,,,,12820,7.5,0,0,0
2024-01-01 20:38:16,,,,12822,7.4,0,0,0
2024-01-01 20:38:17,,,,12824,7.3,0,0,0
2024-01-01 20:38:18,,,,12826,7.1,0,0,0
2024-01-01 20:38:19,,,,12828,7.0,0,0,0
2024-01-01 20:38:20,,,,12828,0.0,0,,
2024-01-01 20:38:21,,,,12828,0.0,0,,
2024-01-01 20:38:22,,,,12828,0.0,0,,
2024-01-01 20:38:23,,,,12828,0.0,0,,
2024-01-01 20:38:24,,,,12828,0.0,0,,
2024-01-01 20:38:25,,,,12828,0.0,0,,
2024-01-01 20:38:26,,,,12828,0.0,0,,
2024-01-01 20:38:27,,,,12828,0.0,0,,
2024-01-01 20:38:28,,,,12828,0.0,0,,
2024-01-01 20:38:29,,,,12828,0.0,0,,
2024-01-01 20:38:30,,,,12828,0.0,0,,
2024-01-01 20:38:31,,,,12828,0.0,0,,
2024-01-01 20:38:32,,,,12828,0.0,0,,
2024-01-01 20:38:33,,,,12828,0.0,0,,
2024-01-01 20:38:34,,,,12828,0.0,0,,
2024-01-01 20:38:35,,,,12828,0.0,0,,
2024-01-01 20:38:36,,,,12828,0.0,0,,
2024-01-01 20:38:37,,,,12828,0.0,0,,
2024-01-01 20:38:38,,,,12828,0.0,0,,
2024-01-01 20:38:39,,,,12828,0.0,0,,